id,bkE,bU,bE,bEv,bPN,bPR,bkC,bC0_1,bC0_4,bN,bOC,ptr0,ptr1,ptr4,alpha,ll,model
1,-140.674674478397,80.2929682003614,108.973428472285,-61.4775977480761,-0.192769578192969,-0.346985559221743,-64.5540138874502,-63.5536038139425,-67.1131243691925,12.8704022692285,196.429269906182,0.0387360610568397,0.125377479076207,0.190861169450608,0.233718211413503,-561.958027415507,ts2_decay
2,-5.90872392427784,0.890818129653833,0.331892443914789,0.874619074648419,-0.082875363127952,0.0648715490502314,-43.897879043327,26.3933734750696,36.9542000313036,2.70841945220311,-4.97314012410383,0.14540882103997,0.365314488360792,0.999992865253604,0.954407114528705,-543.662612781181,ts2_decay
3,-35.434946415117,-44.0366244195764,26.4870089904442,32.5770610613429,-0.830051386063462,-0.0134448855163293,-18.3659575359386,6.90362070545645,5.72169849698549,2.70678015576762,0.535589053238309,0.0906309475222909,0.142766439411649,0.450725251571977,0.301560396377441,-600.777318961649,ts2_decay
4,-4.08959366544857,-1.07849302017089,0.225526077368134,0.971898051238651,-0.106262155371825,-0.0815400378978405,-5.79864730753637,1.58557967481942,5.5933686351612,0.929492129499709,-1.80076547869929,0.119952816263672,0.212466734858219,0.270359818579517,0.999999972462197,-651.931400158708,ts2_decay
5,-37.9632359350422,1.84578090591515,0.806642319142968,-0.211280159549251,-0.103211805467249,31.2679583188867,-11.882952404751,-4.10778775614267,-12.2359821635799,0.650315055162187,27.658241642169,0.0891199409576958,0.315142633421269,0.319441801055167,0.988466202663313,-574.060418209613,ts2_decay
7,-442.46109527204,280.116296662128,392.107500398885,-247.936062033188,-0.102318281660255,-0.146511870290296,-19.614174828175,7.19002916121063,11.3473419781719,4.68408978679637,-6.32058033183544,0.0708946441290704,0.225237684893914,0.467456009959347,0.11351780607185501,-562.871131516238,ts2_decay
8,-1305.87483623065,895.036019858358,1197.67794119048,-819.92248379359,-0.152954119782038,-0.468921347235147,1103.74049678221,-1109.05250339746,-2053.08760524313,-96.5844598354649,968.52448253283,0.00979501854699004,0.379763727825769,0.0679594761968746,0.0817755254832166,-572.608147819065,ts2_decay
9,-6.62951844725386,1.49413669796798,1.87298448632124,-0.285702518023572,-0.176434517444779,0.760002277111356,-70.4331081317291,22.8873597499867,63.648407151204196,20.2606345256145,-48.4017631133109,0.0571272833979059,0.278726306240296,0.146834025387874,0.940793843176314,-561.810236200348,ts2_decay
10,-5.74639702655664,1.9779507986234,0.83970023854786,-0.0395329806517115,-0.107117103077758,-0.844585172036296,-20.3232376351748,7.04171867095684,-12.5341644120497,0.996106578231169,29.8679055936097,0.997536598711641,0.275986188580478,0.267139696327995,0.957492485354074,-589.747138056107,ts2_decay
11,-6.07840863033046,0.6007079689705,2.11357030115959,-0.0223902364703407,-0.117228897179207,-0.460213743139305,-172.993944057456,40.087567497384,166.377191420835,15.825026273777,-38.1525585042516,0.117872821214562,0.258866447731955,0.427739284815064,0.93285956763034406,-513.801134230943,ts2_decay
12,-2152.61517026853,169.575022455153,2041.01195939921,-159.064268076839,-0.754452331274088,1.48331764813641,-8.87327836052721,-1423.03071327925,-5701.09524466694,1.86571209481006,4753.32175636723,0.0308338198432264,0.201281990620622,0.297127612574532,0.0523977017792843,-438.91912762774,ts2_decay
13,-196.673403725922,96.7505914463172,112.298454867437,-69.911186152001,-0.336260865090018,43.6430675219844,-28.5928330583286,4.1576862626915,-82.7605156162262,3.12641697046985,83.9720166310577,0.0601845645355724,0.160154736197738,0.113679288891545,0.273457431336567,-618.846621699934,ts2_decay
14,-7.59459815069667,2.84448143882138,1.77488348539405,-0.199761009146821,-0.0968241260497442,-0.471398865552605,-40.3826880430047,20.8924698710412,36.1751690109004,1.96610884432725,-4.08590925773821,0.99331868046483,0.0895461881814049,0.227702034995177,0.808870334367762,-574.519423999545,ts2_decay
15,-5.01418746639301,2.01606376642017,1.17079115542707,0.0515159898297038,-0.196810443591061,-0.406673897099893,-10.3483373152202,4.03131165519055,3.44135872471402,0.577120113886378,2.01916256906795,0.240692681264178,0.486158392240437,0.303340072191233,0.878178913628911,-606.373612152523,ts2_decay
16,-13.7580059541238,6.61556143764579,3.80023943929784,-1.56200237378068,-0.134761638777231,-0.57030090272271,-164.240611207588,37.7463923452657,-111.115346586928,32.9615044238534,89.1276315968962,0.0441485916291844,0.150449460442355,0.375534024128869,0.828736597232585,-592.404785870256,ts2_decay
17,-332.53245848901,231.28767642731,231.189327122405,-159.921158381879,-0.19335350746323,-1.0390086807648,-5.2773315977441,-25.9747213718817,-89.9008917231445,0.530502802392334,120.678429420879,0.0308626712058438,0.0417983255555269,0.250862895587287,0.308289233950556,-561.195377363035,ts2_decay
18,-9.26303329604846,3.88550296509863,1.01816455398538,-0.227255817462084,-0.120946531222512,0.389830800259219,-730.641937042544,417.120445635794,302.178481056138,41.7057173503916,468.087251742152,0.061159715453297,0.0552006451543016,0.259769402689374,0.945493331631397,-566.998802044892,ts2_decay
19,-6.15508159602152,0.4734551171958,2.08959995782915,0.0167281533858945,-0.106726480519844,0.487139578992384,-248.923730110441,27.7081886774704,-145.003495951044,49.4992041529112,-55.763192176499,0.0620170179711566,0.114926946078914,0.999981524962425,0.942385920138525,-484.99878877855,ts2_decay
20,-1459.54584276567,-853.236793169492,1280.81425113394,749.350368520867,-0.100845068588149,0.457723873371168,-7.25261136868464,-96.1535552545873,-388.852942427289,1.04971752683861,244.15655389772,0.12700174525195,0.11742893274929,0.205106146159523,0.122493052991344,-593.457919957137,ts2_decay
21,-1640.97328381353,163.313147515248,1549.93003850937,-152.554754617465,-0.342126165869369,-0.437363733588676,-95.6886905537695,51.9100064694872,90.8319806183668,16.3104297440895,-37.62653933576,0.0440096638915162,0.182359186254011,0.161601700540955,0.0558513804327251,-557.278514948935,ts2_decay
22,1127.78557849452,-2919.44752377742,-738.253592959908,2196.50338721771,-49.0325203309036,0.994081081712509,-10.6900425532108,3.24939180707859,-0.0507976456748358,1.25651947247703,6.33558671298586,0.276818734830274,0.999998651127127,0.999998574240332,0.262993735461146,-409.377998316747,ts2_decay
23,-6.43963133443013,3.08255332023057,1.64087287248194,-0.450737746981198,-0.510201121474288,0.550429421518022,-12.6755288840222,2.29291768819681,6.48684197015289,1.6540512528957,-0.236285749562676,0.2240176290837,0.760468262107328,0.608594327395228,0.999999978779794,-535.167862132875,ts2_decay
24,-13.6477901739798,3.84120769808954,6.78624797980076,-0.4719533059787,-0.294306224469716,-0.20161843006325,-275.383580957188,119.120848176039,-14.6893389919437,19.7036458679433,320.29622636074,0.028883223511142,0.0726294743511342,0.105119752325988,0.486462914800914,-529.550329671576,ts2_decay
25,-4.81232054706308,0.942510086339675,1.09768841332339,-0.0741126365590364,-0.174992505617127,0.164010806029598,-26.4645054298589,6.67448871876311,-39.1226673233675,1.35323157900871,16.376191682497,0.35956177166407,0.0817755566369145,0.192177403437541,0.919541448824178,-614.372910012635,ts2_decay
26,-4.46752038701924,-0.942735165953166,1.18753312346278,2.46352993276205,-0.208426912765833,0.901050672818383,-93.7075747127447,-432.67034644985,24.3239035892727,46.0739911466983,-56.6584345108079,0.251023972596804,0.999994801150539,0.203830026850656,0.837449503016895,-390.267475704608,ts2_decay
27,-55.7864449880032,6.03898356072694,38.2238710057453,-3.88291273481669,-0.164517708362624,-0.300559065371426,-4.71555757213605,2.77270788224865,-0.551651625633827,0.592550498395297,-0.0444112294306619,0.16520473049683,0.442513272917726,0.999959167381898,0.342388136180972,-555.055340035335,ts2_decay
28,-3.03131132473979,0.409328219680699,2.88251588047397,-0.0616647308808518,-1.82249481767953,1.70865896799205,-8.24290569458569,0.604884957463714,4.83453864527083,2.55200465489903,-3.12183055536748,0.246397202779853,0.855105181543979,0.647473160930721,0.94956271443431,-429.246958211185,ts2_decay
29,-14.9255581444949,-2.09454553064575,8.21123897222622,1.42401937896013,-0.133895819051523,0.095300381594947,-335.473346330345,-27.9060319124385,-2.17589620684353,83.8484983983456,70.5514729057238,0.0828081232837765,0.159552923494634,0.16142867477613,0.551748194890687,-479.310826972146,ts2_decay
30,-207.085033086226,84.2971616571005,157.33535350159,-62.3806991206337,-0.147454272349245,-0.814848212559209,-1222.74796557839,-91.0743925342455,-162.917788069155,263.42088031595,417.497293979197,0.0263197217461699,0.123778291856962,0.0621108704406393,0.243242250804311,-505.4353590232,ts2_decay
31,-1393.16640840558,928.388692339139,1188.52893175055,-790.969653897039,-0.446028208092029,1.60007691372059,-1691.06972424757,632.63637469813,183.883938598196,185.434219731425,791.715353571705,0.0277528775379439,0.151280239153556,0.304281031177867,0.145869316407021,-482.412729441706,ts2_decay
32,-15.706013637785,1.91072189097657,8.82975443640342,-0.705188127568473,-0.0777456458147775,0.211099657290067,-120.837580307118,-103.208321979457,-11.4869603060031,40.0130963597041,156.985895998666,0.0968535348822125,0.144398165389248,0.23527670774066,0.524579138150051,-488.52193201403003,ts2_decay
33,-17.1170079591001,3.61716107916521,9.07942155441253,-1.29004068673449,-0.2012068851177,-0.19007193217472,-1295.70044080216,135.815250173538,400.703865241999,206.25456422149,391.03974671776,0.0150646162075984,0.0696187486345246,0.0952319027523982,0.518977852187641,-516.808876331519,ts2_decay
34,-24.3623818354007,-2.88651279951901,17.6581102164364,3.49889904456816,-1.70455661019362,0.921612741465288,-894.738193563778,132.343138700527,21.2356439509201,223.328524502979,529.408670119493,0.136870372313706,0.621115123353467,0.882426077938164,0.413723830223071,-365.879492579464,ts2_decay
35,-8.15637479489368,4.40699818613549,2.32246918307534,-0.828249432133247,-0.211906349590764,-0.180535718413692,-318.332822471125,191.84631628148,314.206648023669,17.608690563075,-43.0003024369074,0.0963386667121694,0.0255895208273179,0.999890936518706,0.816828824583422,-539.022331711278,ts2_decay
36,-18.8053278718153,6.74067120589235,11.1879271018933,-2.87050329474958,-0.358121163902073,-1.27172499425789,-265.162951619361,211.768967844182,259.062518373322,17.2186315406083,-39.5650610141323,0.00272382745376129,0.0856117324676898,0.19008363003642,0.474616821979526,-432.922001750102,ts2_decay
37,-2282.89554599512,-758.07724999882,2185.9851481931,725.051701239271,-0.35243310787529,0.0815283831907798,-318.405519591234,-187.084171064811,-181.078342205531,126.400067300872,-4.72643492750767,4.31052220298708e-9,0.194947222022678,0.155208647037592,0.0434951906682799,-305.727137405924,ts2_decay
38,-6.50223791855927,1.48135191122039,1.26423617737358,-0.228647470857467,-0.124208963407335,0.326277528638905,-185.272008785789,84.3833213400414,175.766574250267,21.7445957643729,-51.0606601202702,0.00611109356992784,0.0765496147253781,0.219229462264707,0.96617844659041,-609.397308058419,ts2_decay
39,4.99886647275592,-311.313938481406,0.816377739880251,223.23024027491,-2.26793779098879,4.05093703099796,-17.8818499760109,7.72596954643912,5.28686346131842,2.53179070089351,0.56457973912205,0.124942565002021,0.914990585232716,0.650085772149736,0.290333880965384,-467.673659311583,ts2_decay
40,-952.745374222941,79.5094610020971,854.322044628526,-70.0738528737284,-0.130650183613023,0.636345578462186,-5.73330164769805,-1.74617706019979,-13.803781752542,0.852529462433108,9.35213722194485,0.08539327743521,0.531727634158696,0.409733297150408,0.10268733823819,-484.77376732966,ts2_decay
41,0.283448583652282,-4.01256217762742,-331.660086473266,242.334030273973,-0.981313828482108,0.417657497773612,-17.4166336030968,1.74297809542091,12.2403411456144,3.56233185524176,-3.5758978956436702,0.234209077313559,0.681944615471973,0.695388488676408,0.599194269460123,-488.443863368376,ts2_decay
43,-6.28996909640333,1.30740522763981,0.867064538830855,0.0563115331403603,-0.100585864706765,0.554143307661151,-6.29866428130605,-0.525114379612632,-4.0322921470247,0.773667663195113,4.91634276970631,0.0206648365712812,0.201852468183228,0.255410665749163,0.933027623621376,-631.768148256651,ts2_decay
45,-2.60420878113538,-4.45793707922581,0.391612243613161,2.19328225807077,-0.0544241746742211,-0.687197487264054,-394.923038406354,56.3892890189213,-50.8601609889883,25.4391988664027,121.469655322411,0.0208534049003525,0.039220880987711,0.129816422896321,0.880572637324712,-503.165422770048,ts2_decay
46,-65.5991195240048,27.1807204890745,48.7004426961568,-19.3380001139181,-0.231294925828893,-0.130257658865634,-10.779962454157,2.18944879160365,4.40160287914914,2.66410980304525,-3.93982103490125,0.048440604521624,0.574806512109927,0.999998285316617,0.270902442296217,-488.66462381415,ts2_decay
47,-25.6499391632384,6.08490312661523,18.8588875498242,-3.88488305796935,-0.803453574176136,0.570690232458509,-6.86942894303693,-48.0890606865695,-207.521432417226,1.34370934023512,173.948697147198,0.999975874126357,0.375788354416559,0.388073070343139,0.408914899888206,-368.49806808536,ts2_decay
48,-7.18460678875816,0.111831751133908,2.14880584718104,0.499272276455698,-0.138731955936786,-0.521647196964445,-10.1660120271553,-0.987660898151354,-15.5683432401361,1.85520565845541,11.4989787544686,0.0401267286872183,0.233622350815016,0.376065631291023,0.922301160053781,-472.67701066721,ts2_decay
49,-33.3109777937962,19.274131577016,21.5693256969885,-11.8915342353295,-0.174311591025006,0.106552157651226,-87.2965297670967,12.5451175340018,-2.08821856032266,34.788552598923,24.421939294998,0.0399053442848934,0.256548804623251,0.298729478960285,0.358889492558837,-538.453158333781,ts2_decay
50,-30.0071266173019,5.81683262463606,19.9617903080613,-2.83349560141942,-0.224595390866402,0.871018799844999,-18.4976622166181,-7.69735055378346,-9.23131259796492,5.68476380494354,7.98170622735746,0.160603257186417,0.128690085849246,0.206924572496179,0.364206228186782,-448.499834151082,ts2_decay
51,-80.2907624547485,-326.303428729921,80.8045991154844,313.118475238915,-1.45241270389131,-0.708573434397852,-100.855908135616,60.504460974713,88.561240005201,16.8111082231265,-31.4143296554343,0.157679656436779,0.999987683161873,0.892376715664801,0.0484491792101541,-332.585084891369,ts2_decay
52,-8.14252338057503,0.91528149374771,3.38843801432499,0.0424882103159077,-0.179901922523769,-0.441134414106125,-96.1869749160672,43.7738470611889,86.002778301637,16.5290935492185,-34.5720227989696,0.112415827903562,0.159980895789427,0.487077768658106,0.908213910521179,-406.577833453344,ts2_decay
53,-930.487820890045,652.969659492212,750.33647534102,-525.351830830893,-0.205445147244349,-1.36174114373805,-8.91821260158133,-1093.79172890633,-2677.08344173922,0.305811809299113,3356.74096526194,0.984256691108386,0.0563219611391664,0.224180946974917,0.19386444829845,-524.058325885532,ts2_decay
54,-6.46428343817534,2.73433594570655,1.66073354496358,-0.392867411092954,-0.0692447502944434,-0.933478635051123,-10.5557824387706,6.27517137689485,7.88623341694255,0.485615263550332,0.181649867141961,0.999963640700068,0.122458269984092,0.38480943379592,0.892027861402179,-638.529838067921,ts2_decay
55,-212.988785903952,91.3533217138343,183.742259117905,-78.4002756316859,-0.325088227011858,1.30188760589473,-6.45453598235032,-171.679512413309,-391.855068729514,0.629025658487795,246.974455547163,0.0170520899472845,0.220227275977231,0.155203096298898,0.141883753118266,-435.988317833928,ts2_decay
56,-1.46839487624067,-0.0138265974521467,0.41435304826542,0.847203777252237,-0.593386134545176,-0.381229145223899,-80.8951068169778,54.9399011737766,74.8566798458582,16.2347129022082,-31.1365401518918,0.0432039374538185,0.581777108532843,0.999994729972731,0.760641222494129,-441.322282749773,ts2_decay
58,-167.857705171636,98.1228276540247,139.550091983134,-80.2625483211293,-0.47483685547411,0.0772405048569154,-401.013407827078,86.38959337172,46.4378249313947,100.364510951992,43.8864748382088,0.0703393887801275,0.308035801982857,0.269890233793916,0.1818363420317,-491.948857780262,ts2_decay
60,-2600.84668578168,1675.5505835806,2489.44119094683,-1602.33719799187,-0.323993416761654,-0.0787350695656511,-450.796491704796,-159.235205114696,-1446.92457416398,68.7004665387063,1350.9400250545,0.0299772598370504,0.0837652394749877,0.075031685681663,0.0432954738395152,-478.360847346307,ts2_decay
61,-24.1945051877587,-52.361393551226,14.0799010246236,26.8325170286112,-0.917327005756703,-1.64207966309922,-176.035249127111,74.7558116367941,-148.892140300125,0.410691590785634,201.795493011132,0.50017352973729,0.0933396231798301,0.151409943934654,0.543023998773877,-435.834072880643,ts2_decay
62,-5.54357601607357,1.10772772115366,1.27699670713116,0.0382708411702306,-0.155655189270005,-0.362425992221068,-194.739029950766,50.1149794722817,-28.0309017963615,27.7658370702926,115.128196111475,0.030870995337694,0.0648291729950817,0.217625426860557,0.91238519198263,-597.514802906563,ts2_decay
63,-5.11061534472969,0.550557618179797,0.657227585183721,0.335049021039078,-0.17594808981776,0.255862747885243,-183.246703948934,118.871749571409,-31.6826299036336,10.2081384262534,152.953396139322,0.042783550619513,0.119595528711102,0.248596836661439,0.933483687867111,-583.273222915847,ts2_decay
64,-30.6165872494084,3.3793589316122,20.9708250818841,-1.83678396721836,-1.03178992430272,1.00061802521976,-20.4062054805226,7.27850621071839,10.7905038054227,4.05345430896348,-3.35883138175748,0.104820594310117,0.38000219590584,0.4059392323271,0.426740469550186,-493.04524266163,ts2_decay
65,-6.33228425523868,0.594948307543326,1.41691058829245,0.233861046448122,-0.189474094527371,-0.343427303135115,-21.0860339006721,5.31248824754701,10.6539153878354,3.9708025646566,-4.32341241566683,0.0985355700460781,0.210746591079646,0.436014281832517,0.952956075158057,-564.450050258005,ts2_decay
67,-43.9076020590799,-0.368990254927327,12.0447966278843,1.04406951028258,-0.677221973085194,25.9056219718293,-175.151342740057,87.4031446154746,76.1665944591667,22.0544379778546,67.809632467926,0.0600034369734123,0.112436828913577,0.238212451044929,0.41681227721426,-624.84918464062,ts2_decay
68,-6.66918335601118,0.138603559981347,2.13358928450885,0.378967568608054,-0.15672518386679,0.395213667792101,-7.56147100467651,-93.8263021032623,-313.321294873385,0.368511896098603,199.662263981641,0.708682113311027,0.158638646898153,0.113725764193159,0.816858326130195,-570.601160943669,ts2_decay
69,-108.875632353842,51.6307663254977,90.0038515188233,-41.2447680813208,-0.472395779437595,0.119049043295689,-8.51948954527937,-153.084923449182,-514.929583940097,1.12295393080247,433.002730680533,0.0669505689278101,0.101824337730921,0.20244776037607,0.188142931329352,-554.71540718854,ts2_decay
70,-95.9173010834695,55.6070433808587,78.578173959756,-44.8394427394988,-0.33653556192628,0.105968783435935,-233.59387275674,161.482022860186,227.402922026857,35.6091059391968,-80.6081247579466,0.0124713493567719,0.0934074972653936,0.0958506024650787,0.203964379949506,-413.574924527959,ts2_decay
71,-6.33235044101311,0.655260544212131,1.29652578746708,0.159320692434547,-0.122050133224706,0.156023675669475,-213.380528611586,1.63359773535735,-71.9348028793217,38.4753785265762,142.715636249923,0.0257717576346277,0.124496230822272,0.262110012483435,0.903183675941401,-588.446646623042,ts2_decay
72,-5.83031979897556,0.700094400263061,1.18259275107963,0.200456171910763,-0.126541884550362,0.525011060719298,-6.5513680838725,0.475900063112077,-1.36242582423404,1.45570110901497,2.00469557958466,0.0400037604552777,0.615285094321936,0.212596746159324,0.99999972432169,-548.558869279266,ts2_decay
73,-643.999468848451,-395.752201412036,593.985013687249,368.224868525527,-0.131042163834058,-0.0260868206630145,-1239.65007867865,-409.664811745433,-1695.41653831242,301.424245276838,1147.74508689764,0.0259682849649551,0.0548848471259088,0.190816412322965,0.074970972086694,-542.42852399194,ts2_decay
74,-4.36469033064679,0.949491297341518,1.03118858240023,0.03061472329266,-0.235529403727435,-0.7605213217588,-234.664689283006,26.1495337210079,92.9675380268436,27.5930260630849,19.8831081324036,0.0458925579013898,0.191034834847033,0.210663406147543,0.999999396997149,-601.197684851208,ts2_decay
75,-1077.27344878521,559.882088566164,936.821867662261,-485.857727039948,-0.130402812066366,0.0642225533625624,-727.312349919103,172.975562218387,-87.7324284132517,121.240391569554,374.442069482813,0.0550046731726293,0.115100202049174,0.199573176790986,0.129780143688749,-572.228141206449,ts2_decay
76,-7.33552239593463,-1.97686310641473,2.70002438986859,0.911405814767134,-0.15160846079654,-0.287987085479978,-124.76170488123,-18.4803015307668,-21.2985193690178,32.3363095660991,38.990479141039,0.165639816906143,0.186660747407226,0.227327569691283,0.939208315063552,-444.366157315001,ts2_decay
77,-7.02834276874967,2.63339383514024,1.29359583853708,-0.135523250977136,-0.120267507142777,-0.573091500993123,-171.245516016227,-71.9316557107458,166.027541072841,34.1444745002629,-83.6070711916771,3.26443103973939e-8,0.0348672763459379,0.353473346776442,0.935788537698608,-544.008009472754,ts2_decay
78,-333.229421031353,205.057908970403,282.881486557349,-173.178360808048,-0.130842365194358,-0.212119426033251,-229.879891855683,54.826200798628,-57.1930753787709,46.2023210814301,124.344948973055,0.0181593998349619,0.102207610964149,0.239763669883442,0.150611532203586,-512.525562782335,ts2_decay
79,-1256.25271701697,301.119034432941,1147.46404585442,-274.117982070182,-0.221495437318302,-0.949360678412032,-641.568894781638,3.23078253601812,-34.0694132379927,137.429021991997,218.467334077835,0.0359884507239925,0.14178007348604801,0.232015172722944,0.0882481966750755,-495.696955259134,ts2_decay
80,-1325.9632263505,464.807632974328,1198.16982980976,-418.432027452308,-0.324356072125312,-0.113316451899208,-7.9905353283849,-621.994273815665,-1892.1748784608,0.318539578337259,1571.53344819197,0.999624812382955,0.0762970564172699,0.11573292896681,0.0968305228536132,-572.156955474375,ts2_decay
81,-74.7320379500357,17.5559583283727,59.1731943790987,-12.1770927731846,-0.663339055155567,-1.0348793083531,-21.8594157897534,-16.6397768104622,-180.014300562906,2.92641684117363,160.944180555472,0.0445799159956961,0.110202246919332,0.21773324927992,0.244143166404088,-527.249935665663,ts2_decay
82,-22.8707195198439,4.68907114810128,10.7455721175548,-1.71377438111687,-0.0646799802227167,0.25207283319937,-1413.7574289635,-135.431585323161,-0.083775085546373,243.30554959191,569.223997164552,0.015914970410894302,0.0526351124230442,0.114084919645679,0.57051939562733,-483.071835184519,ts2_decay
83,-1407.39153758786,963.32206198651,1285.78914038418,-879.244306364291,-0.132384547085877,-0.517267068581188,-345.312890692299,-996.892913552722,-2379.24756134355,55.6576806197711,2130.30409050087,0.0184836928806979,0.0869295287669893,0.225852568378782,0.0859656213948412,-551.032151699898,ts2_decay
86,-6.43891602771104,2.14860364166841,1.54000564981932,-0.429074332438078,-0.15939807725837,-0.40689192471775,-490.890245068987,342.918558003777,293.559873656499,30.0334876475792,23.8385901461007,0.00493638604482866,0.0427407457464232,0.0984614696386869,0.940376547314692,-576.402967509171,ts2_decay
87,-26.5045692444926,7.73510131674978,13.7383837441829,-3.4218387556055,-0.121580021348979,0.338974358936186,-1351.15344180739,265.075032731827,1088.41472378468,337.461585538458,-657.736150926291,0.0745221460802348,0.121805387450744,0.0885975687090628,0.516773431109879,-563.503590502447,ts2_decay
88,-28.587476625876,11.9648187019188,18.1557816338347,-6.09501493843527,-1.29987665599013,-0.00461851796427411,-183.763114591672,50.1281837514931,-19.3736573324007,36.4298043656162,77.7603002130385,0.151260027932583,0.192986855693037,0.54965656540226,0.514740586320834,-537.770671012016,ts2_decay
89,-6.46704413239886,2.93687839633054,1.93851464404723,-0.668149837880344,-0.119811398087856,-0.320260248570474,-316.009105989189,232.343874153493,-117.560025499203,20.4203574559062,491.630427499337,0.0425672005097378,0.0654948348936104,0.231215818556117,0.891213667520984,-586.587806102396,ts2_decay
90,-5.96739521624794,0.620109047996356,0.812044865669311,0.301961056671997,-0.0515063198547089,0.0499567569026211,-15.3381841533542,9.02127888975949,4.10681421734953,0.806745307156172,1.66203484680236,0.767869560468328,0.125525790776995,0.248172881930114,0.999056333231253,-622.260852784906,ts2_decay
91,-65.9201760059355,-11.5232372898158,60.8793632561143,10.9172851320559,-0.641127018472549,-0.123070369590198,-5.04214515290014,-1.71195064793667,-0.93119383185609,1.46109007634742,1.08316650395045,0.0981675197153604,0.774023125249807,0.453640622980539,0.109078066352012,-448.010602371532,ts2_decay
92,-11.0940119420173,4.24720534579801,2.08224949682014,-0.588909573878451,-0.0871030122119115,-0.775927509070542,-5.62511022718702,-10.0632857892432,-22.7105203925405,0.813884234028086,14.1341810920558,0.0149899647760636,0.205934501478639,0.350109893213889,0.871034475156789,-562.582655237461,ts2_decay
93,-1133.02550965471,-895.753292029659,1062.18571976789,842.889730565313,-0.425709500251928,-0.865126376866485,-225.226836727403,-277.608544338742,-2285.25697912959,12.8714564192801,2061.97870699001,0.0105285302257265,0.060021457207426,0.10375131676795,0.062755836852417,-370.762385910445,ts2_decay
94,-1407.02911831292,496.036151687893,1152.5002822057,-405.796979021117,-0.259255592079131,-0.543306287956954,-7.47746644810663,-511.314086099399,-2049.65742185093,0.926261538940023,1282.16654166603,0.035217063594465,0.215407078446313,0.354462667797108,0.182432908322495,-515.431535984613,ts2_decay
95,-4.80072309568489,1.00092288313736,1.50443631575554,-0.121288994130372,-0.0816805813314928,-1.17689782804291,-33.919766778429,-20.1285943946759,-69.1836573598296,2.30085648852362,250.736856426699,0.0962551690678427,0.35257794392601,0.57968669573194,0.913423113612264,-496.13235945315,ts2_decay
96,-546.517139743153,-8.71288179532599,60.1875401518738,5.34919492983293,-5.66129642058299,475.09998253852,-5.02411174627657,-5.23149189194244,-10.0431725008713,0.401770326366237,14.0239117384551,0.161616570738789,0.485898273918372,0.750246255952843,0.423057859257165,-480.464480125885,ts2_decay
99,-403.474711234628,92.5577703107419,374.486154612958,-84.2591455940843,-0.155905977713682,-0.958795169195665,-147.962152093777,52.4768607815233,82.6753897295507,19.8222921860522,115.133732305386,0.0126059550552869,0.0414469101831865,0.0647863330041307,0.0699986445362867,-534.107542301266,ts2_decay
100,-4.33998516472332,1.03211090150254,2.18729803754565,-0.116146253945903,-0.587856525190383,-1.32554886148933,-644.982596912875,448.103462988554,627.954151584166,64.8024176332908,-154.475754203277,0.0103391106124921,0.128795106177681,0.297379283478477,0.888418897450658,-472.756373342309,ts2_decay
101,-3001.01489558336,1976.73510578396,2890.73819125718,-1901.97656691526,-0.494410228162578,-0.0839096505413234,-9.55220186973028,2.38558071933619,2.03692497357475,1.73599714807912,0.557469178552704,5.30191578592198e-9,0.999996635305914,0.785888380947126,0.0378040812764498,-186.760187348722,ts2_decay
102,-57.6198899227831,3.77059191297353,37.683825362875,-1.69833611977997,-0.130675356065693,-0.0232024995299667,-461.906729296771,-33.7846589332001,-141.300495407195,115.053271205256,90.1437190794285,0.0685851606411073,0.149436177608669,0.266340236771426,0.352541119386084,-573.772683879509,ts2_decay
103,-7.51889730440306,-0.0595078081475709,0.655919345143046,1.20956225467276,0.00659424056887259,0.148418815309064,-310.074229164727,-220.778751615967,-109.421384509258,58.8257152101377,-34.9856604466536,0.00553839548664714,0.0296805871067486,0.0780087213870279,0.93138104868246,-461.153331879785,ts2_decay
104,-10.1283001074698,3.48796939795578,2.57476401454272,-0.563259069539565,-0.308076131800949,1.28080602147391,-147.680239487651,91.7642974525814,130.600981963956,16.6916157629509,-32.7613802447249,0.0571362319942424,0.17141128428754,0.258942806230766,0.87271395359902,-591.167277045737,ts2_decay
105,-5.14056709718529,0.739387267469614,0.907968202812637,0.091592315488252,-0.0944671435334887,-0.255723034768547,-330.396511703798,-781.990636455173,-3509.95267254219,34.9670065223389,2188.20242801483,0.0251547026395157,0.136736750158074,0.110291935094197,0.994782178873779,-614.670979105214,ts2_decay
106,-227.22299704533,134.308164565765,154.668754136142,-90.7807505607881,-0.113229722599702,-0.0280679106254779,-265.659362602806,14.6644967302257,-96.5084278835429,55.7112943437988,70.8986139864598,0.0374140267185405,0.0980842914758305,0.147988787757095,0.322615625130467,-565.533420386313,ts2_decay
107,-4.67558266409547,0.744024196523014,1.3255057112243,9.96025185659715e-4,-0.113804748328419,-0.892314226519477,-393.250665161924,-438.745077776909,90.3536824421232,25.1971823810967,189.206879725707,0.0356710053374461,0.197609569659867,0.157350111203516,0.896115667873976,-572.405842161438,ts2_decay
108,-5.12053999357307,2.28576456103627,1.35158439024063,-0.156516962921578,-0.195662059315533,-1.11824023159347,-131.296152149955,107.681708104425,127.388970694588,7.85615323733514,-18.4226939716254,0.0265140387110463,0.162111775731725,0.999933210589148,0.934351028206838,-550.801370286423,ts2_decay
109,-7.0053144959223,2.89512724316729,0.913743186785518,-0.254898444475313,-0.140943031795945,-0.0204739525387404,-505.057906576225,315.032628176449,388.068850236044,26.5125641487549,6.5910180490139,0.502907915270878,0.0722608887239164,0.282055426489897,0.956553651800927,-604.01072427005,ts2_decay
110,-1529.53999663213,1016.66683877608,1317.65041085364,-875.342960929546,-0.127701304571771,0.461440940161679,-9.45683087313222,3.43118224900131,3.29775545235736,1.34808987171245,-1.15578036267158,0.19246528388752,0.143804434086537,0.481884784754595,0.138133501864941,-592.588136656126,ts2_decay
111,-9.39786032212794,-1.81104998882112,4.5744406299125,0.930792030691471,-0.113517698745485,-0.0187555937320533,-7963.70462506328,1625.85178598717,-167.678067158394,1564.96971230657,2568.4444367557,0.0136937758011656,0.0820015439305765,0.0733083814463451,0.782440290451289,-365.155192249658,ts2_decay
112,-21.7457317516445,8.04081358977917,12.2092485444264,-3.95387291083372,-0.20133999127409,-0.0412755841120398,-220.619402891904,12.8331665753635,46.9666711117806,44.1555763842316,138.982276162953,0.0308168273246101,0.132511478108633,0.192608762663391,0.461447190884672,-565.765099288648,ts2_decay
113,-9.70632124358225,4.51988083875061,2.0108419761002,-0.633272078825727,-0.0836561178361532,-0.038337916639114,-301.802371023495,121.20643285017,297.314314002992,13.1580587469095,-31.8412915519584,0.49497094105629,0.162502539915124,0.219109766329487,0.831704040250988,-533.347550373268,ts2_decay
114,-4.98553263121395,3.17157560651736,2.77223477295361,-0.619271180676037,-1.00887437892164,-0.703244490764387,-7.18964326192817,-1.85469618999832,-8.39814726550688,0.529585765816447,12.9900550677862,0.148163820715776,0.158202181327212,0.227084574180687,0.909249138277609,-600.109144291437,ts2_decay
