id,bkE,bU,bE,bEv,bPN,bPR,bkC,bC0_1,bC0_4,bN,bOC,ptr46,ptr28,alpha,ll,model
1,-16.8449195331289,3.75146371929827,10.1458591617215,-1.75676740832752,-0.615045909124737,0.921806635257272,-3.02658187013688,-10.1345646222347,-20.8493876716456,0.164674544692352,38.5983272693037,0.117381060631089,0.373107367958869,0.491723902171978,-555.603268659749,ts2_ratio_decay
2,-5.92860698113068,0.883826849603675,0.31342528587583,0.885578164043188,-0.0815595942331821,0.0519237373828189,-21.7554591238657,11.8375124763424,13.3280582274973,1.20784209648049,-0.0617883849173797,0.395588567916712,0.472758777117636,0.956971695779416,-552.272765291825,ts2_ratio_decay
3,-32.8241308157814,-1439.40240912107,31.9206356045457,1301.86679330868,-0.829448997915887,0.0852822831101121,-12.6650655648903,0.92371611264204,-9.44611581148312,1.67725803553783,10.4627888636167,0.104236918382096,0.247289615382189,0.096730229489571,-613.890883160965,ts2_ratio_decay
4,-6.49199438747946,1.34273623732889,0.555885517683806,0.564616950459113,-0.0956641170046615,0.0240407049945471,-3.88479999782771,-0.431117786077867,20.0761737797446,0.36290519854341,4.41722024442974,0.240391782867382,0.0691767801077065,0.999999995180349,-644.346853678686,ts2_ratio_decay
5,-39.1053478045265,1.49209845407022,0.76552653538503,-0.175262979144488,-0.0914273640729872,32.6040963819612,-10.7387091215526,-5.71045850668096,-14.9898672028402,0.490059269052699,30.1098426802383,0.281802132375492,0.376984081517047,0.988389824015435,-571.674733824431,ts2_ratio_decay
7,-674.130752203903,444.970715401835,600.42223034668,-396.075558219852,-0.0965155641692652,-0.0680228014635461,-2.72144090735947,-4.28744324349643,-20.6320993936907,0.112297294729,19.247612092498,0.29269464531617,0.267598124556149,0.109153123227438,-579.505154648647,ts2_ratio_decay
8,-4.10232814016292,0.856109443595794,0.848799128462433,-0.0474937549085925,-0.15533016359564,-0.682244549967967,-20.2590804658663,-1807.38041081805,-7414.83165616665,0.296426161569167,9324.87632171032,0.0177137679294426,0.302031730113211,0.931963389616919,-564.993808277904,ts2_ratio_decay
9,-5.73366491563887,1.32562766839308,2.4597536904815,-0.155844497285609,-0.695904070519501,0.482620827158314,-13.5082493724877,4.70170980207268,8.30967883466509,3.4737421101049,-6.01757142014978,0.140681161671747,0.28827329032313,0.910399145046152,-568.019452235226,ts2_ratio_decay
10,286.508136528986,-756.508600649976,-171.258857702487,454.957132593414,-0.203264653860847,-1.75005388664559,-4.87929751104462,-30.8422209287482,-91.1486222813221,0.312165945368469,114.739353709832,0.153247673017742,0.641325823867245,0.401831431497843,-553.756326014735,ts2_ratio_decay
11,-5.92565293707325,0.324557356409066,2.09975810647338,0.0500181999123761,-0.122019261189176,-0.484874083421809,-507.571101992422,124.31380319102,500.557434278915,46.1227925913815,-113.141130367694,0.168917581240569,0.492764047218422,0.929506815992393,-513.421875762816,ts2_ratio_decay
12,-2294.98621374319,353.335509950108,2177.5800716681,-334.029595393021,-0.690658498063064,1.26322993120714,-3.07817745444923,-171.085655022606,-689.828070434456,0.054684870424763,577.310706198128,0.154657810679563,0.481408584606142,0.051883586419424,-431.418360021294,ts2_ratio_decay
13,-192.820420452135,20.7094549948883,24.8906812563052,-11.9814311297407,-0.464130288624528,153.09796999672,-5.40165075739615,-4.47191135132816,-43.438009687344604,0.337230801018433,38.4151315539484,0.0870318401003258,0.380085611557997,0.416013089435758,-583.937634583082,ts2_ratio_decay
14,-5.75219029415152,0.435023450170409,1.01473461502201,0.0852713491158104,-0.0701136490590338,-0.0750862587251363,-45.3083315856859,-68.4138623028404,-218.651430534238,2.39543622927788,300.004408144927,0.0267235632500197,0.318275123995441,0.906723262295088,-561.309937542052,ts2_ratio_decay
15,-4.97728335820323,2.03310145009846,1.14825462195833,0.0515406110004891,-0.193208101482833,-0.357313646991849,-11.0273675674554,4.27425516523901,0.625554686572669,0.577895289179781,3.43406732109153,0.366753572167863,0.15437982753702,0.877523162402318,-606.445683500023,ts2_ratio_decay
16,-7.9192351156923,2.4858257285804,1.95024378498639,-0.488038924248374,-0.103642330727416,-0.362012262490862,-4.14889083459976,-7.15820518142692,-42.6995399118639,0.178024826983746,29.0168484249259,0.186043295777239,0.36669809156025,0.87480953666527,-606.942192889343,ts2_ratio_decay
17,-6.44213526887652,2.20774307785999,1.58352984387107,-0.57935501194983,-0.0963952578462037,-0.353610148994589,-38.0713070900413,35.5779611632284,-2.75602737429298,-8.83399327621325,89.1152009837819,0.184189317269788,0.503777505595411,0.830814345376226,-575.732861829719,ts2_ratio_decay
18,-3.59046328544756,-1.99194517988697,0.980020645662003,2.10974554976567,-1.49746830825407,3.07366332190561,-4.38404462133864,-4.46252965812327,-7.7684722190502304,0.296759018890112,18.0577407548722,0.0599585165110306,0.28608231665497,0.819289633197032,-569.241039438258,ts2_ratio_decay
19,-5.22395558661074,-0.856146306594716,1.69953585593065,0.373701978230328,-0.0887977764123077,0.593890100225738,-59.0125180829779,48.7507630466056,-16.180093669405,-3.61929143483458,57.0897003614151,0.0566961103957047,0.490268979022954,0.958605714289269,-484.718769118555,ts2_ratio_decay
20,-1535.54437986891,-516.204871696801,1340.5887142572,450.959332061167,-0.107253240984346,0.460641496423887,-7.2751163550528,-526.718743578013,-2110.37461143523,0.982033171287915,1320.50486888745,0.119370916756129,0.222105512270765,0.127163910582262,-590.954556831433,ts2_ratio_decay
21,-1449.81658762899,-811.246139660751,1372.87121279071,768.728196998311,-0.549562285423927,-0.804613043390479,-4.33134196463797,1.209536005758,-3.67530866439687,0.268373443855862,4.85671302953294,0.112452373105741,0.396065791893078,0.054466988557368,-546.910888983582,ts2_ratio_decay
22,-2013.00364488785,-5871.66680368833,1881.03586451931,4696.78189158422,-87.314600746811,-84.6267670919788,-5.37622313960996,-0.341011262720632,-7.42049424585145,0.353653564206057,10.5560771522536,0.917860288778605,0.999997258579721,0.208824610021758,-437.024417176549,ts2_ratio_decay
23,-6.0031702663185,2.84427859499675,1.62770426910062,-0.441637946046832,-0.538980289600105,0.557984289326283,-7.10242039621537,-5.76210251580302,-14.9638184858682,0.73194619763517,15.7083204527633,0.394896106437387,0.505223039299281,0.999999872137059,-548.179996036397,ts2_ratio_decay
24,-6.91312490086937,0.613307846179271,2.63458048340693,0.839912444950145,-0.35782366146305,-0.041795666595587,-9.53309261810588,1.7823297042761,-5.53043642722183,0.486607931058759,20.9795796983603,0.0578236534357749,0.288880414421106,0.661952930367994,-510.687721970871,ts2_ratio_decay
25,-5.07943732909535,1.17252520591979,1.14336485565493,-0.109403844196269,-0.174786301906362,0.117944506760658,-29.2339129677798,16.8789940117651,15.0756710959557,1.59161309273072,0.721897241580177,0.131649230796686,0.112320816721159,0.920035086866209,-618.354975914969,ts2_ratio_decay
26,-4.61444947908469,-0.846650620266903,1.21806636985653,2.47134659923928,-0.217417852638991,0.953178651069371,-73.9218644105616,-324.428632293361,5.11090429362966,36.5812991542884,-33.9853375488864,0.263828314631587,0.124611961338594,0.828009848177389,-392.898229630742,ts2_ratio_decay
27,-49.0702391165955,4.58790853111853,32.685799128567,-2.82116983654975,-0.169981527290153,-0.287520075755114,-4.77397343023771,3.28555240565291,-1.20800879109841,0.432551090874845,1.82576597569373,0.326649184822269,0.336234081392371,0.366010555786016,-559.449860236191,ts2_ratio_decay
28,-2.98676317274339,0.198182736638338,3.30982987102048,-0.196023258767423,-2.12032864076126,2.01057118386022,-12.0745027712775,4.33674371504155,8.87008080034975,3.67383944322469,-4.10256620018944,0.297873493974218,0.426668742638467,0.944256475536796,-444.093051026877,ts2_ratio_decay
29,-12.3115656728508,-3.34122222690293,6.7810023223183,2.00645205314451,-0.136028240654018,0.10004933537429,-129.003752815175,-10.0425297002527,-2.96954653686433,32.0775572002652,28.9173292199482,0.0973851483001966,0.144049811129788,0.565278967191847,-481.751577945235,ts2_ratio_decay
30,-173.489038510055,66.1195223468711,129.93323537463,-47.892497155979,-0.1463600851105,-0.800116882695879,-3.30063794134257,-203.257877445127,-721.172450588525,0.199943260873879,454.107860579326,0.0852322356839002,0.115722656706757,0.254592371456869,-513.325173629894,ts2_ratio_decay
31,-1347.42284976815,891.257288000766,1154.02592137683,-762.32940359787,-0.444592447823846,1.57830385325281,-4.46735492625637,-863.8867351188,-2597.72349017826,0.146653826243763,2168.02911268559,0.172908609393262,0.306588259173772,0.14266784793534,-496.476181357137,ts2_ratio_decay
32,-13.0537401660891,0.0418443729531234,7.55180557766736,0.222836419404827,-0.0939545539260883,0.165253284009756,-20.901959132927,-38.364221774914,-38.3274655964651,6.50499662005218,80.3035009015692,0.106440555726955,0.216150023894664,0.524760098233003,-490.500992170012,ts2_ratio_decay
33,-9.27103467078519,0.40900088687323,4.2211890009518,0.125847425501679,-0.218258223601824,-0.0541667130599204,-3.78828195623091,-93.5362694856416,-213.639462316522,0.117264456138425,239.843132744859,0.059533006256601,0.261969767848679,0.647434572428967,-513.41181038736,ts2_ratio_decay
34,-30.6071662111507,10.1264987966528,15.016663258397,-4.93221026426374,-0.162102509748885,1.46736733143829,-3.64127059805351,-189.155880211373,-516.517748449238,0.117914853498684,649.154133026037,0.778487109833043,0.816253104852065,0.519852401922807,-399.306386249836,ts2_ratio_decay
35,-6.82730294167772,3.10314169911716,1.51295797057548,-0.452503655324195,-0.209087187851278,-0.0489271063161576,-16.7244265656476,13.6941229466081,5.5044013847626,-1.98878701293225,20.8896336743598,0.142941007790251,0.538127247370143,0.909958372860869,-536.954287164672,ts2_ratio_decay
36,-6.40882979324989,0.383762825755315,3.4988739647067,0.494063834472063,-0.467929801714626,-1.22133401671065,-8.78860567307161,-2.27627652587129,-11.9923306958119,0.265096564644963,24.9218470399009,0.0855798332560582,0.173633909048885,0.658575010103622,-436.235849971795,ts2_ratio_decay
37,-2258.85653967028,-650.304430265344,2161.10254395558,621.463751940363,-0.351625056480761,0.055911801847206,-2543.2553337322,1423.85599902487,-370.565607437407,129.889552231276,1495.41739609081,0.190685993912383,0.162960687960072,0.0443250240416984,-305.9315020533,ts2_ratio_decay
38,-5.81065013488024,0.460852917959236,1.1886314137587,-0.12554270585295,-0.127182188949309,0.498563724795557,-102.841675434,91.1024912474286,92.806080619219,1.81196474319936,-0.565865219111406,0.0791107782756207,0.398072592558555,0.962960691041328,-597.497011035035,ts2_ratio_decay
39,-6.83365828111577,-0.612052182377357,0.702404655037281,0.0677953842354797,-0.149300759053528,2.47778120966401,-5.72344454391265,-6.56489926004862,-50.2109300598784,0.247196815387793,33.894152132906,0.609311978416941,0.655245407207682,0.999999999334241,-490.031846391518,ts2_ratio_decay
40,-1027.02498299019,111.421194869764,922.735694238889,-98.9177532580329,-0.133640240237623,0.652497772207619,-4.39885079447492,-2.91245813947636,-23.3356654888812,0.228259364356949,15.9215089188905,0.443362564033352,0.471060634555066,0.101000323056041,-490.67563760181,ts2_ratio_decay
41,-6.15889321557278,2.02881833879568,1.52659565797471,-0.465209747927997,-0.229073720366063,0.128643159864661,-4.5612786454809,-102.569745423815,-165.264623638587,0.357517868761519,211.506246123218,0.559144956495069,0.655165793231662,0.999999942873508,-500.882965260504,ts2_ratio_decay
43,-6.01502491640924,0.417735966279761,0.565421875249351,0.110834838701902,-0.0232244905598621,0.732943960530455,-40.1644897801037,34.7459146661824,-9.08082230074855,-3.99135194732904,50.4088579183793,0.184054621659137,0.393197443469945,0.989642588240667,-626.257623436497,ts2_ratio_decay
45,-2.59496781903482,-4.35539318750808,0.369236553342823,2.12924719769882,-0.0512091362473857,-0.604965132279999,-54.5880143290528,48.0931078470562,-30.8888143795185,-4.34802899146677,45.9579290327311,0.15581200553523,1.55949672951516e-6,0.887423575537497,-502.400431894877,ts2_ratio_decay
46,-55.2559124836781,20.6216275599763,40.0969953164725,-14.1820043072359,-0.221288977277472,-0.146371955567205,-4.0428402673407,-4.79545703193729,-34.1575391588138,0.154224155878279,23.9536072583913,0.401128541400333,0.611817699196834,0.290539422265006,-493.894891844717,ts2_ratio_decay
47,-95.0498385278718,9.82768104208426,79.403456737729,-7.76599209308202,-0.853217579145586,0.521219281374905,-7.57686581224598,0.434570850788736,-7.88471567674847,1.97752432903008,6.60735132954135,0.382702941746519,0.524907251215092,0.208071339880655,-370.480077319801,ts2_ratio_decay
48,-6.92392575272468,-0.0473720691852514,2.04708981620067,0.536098036690296,-0.13300624089206,-0.498208263993325,-4.42709027047807,-3.51105329903999,-22.7992094182164,0.181938578379194,16.9245432211856,0.297891501486578,0.329732217309448,0.926616907006734,-479.253974667226,ts2_ratio_decay
49,-643.195365862063,-554.510776510005,588.679577375537,509.023484296423,-0.154358361458592,0.282396674315969,-2.73806457288594,-666.927812746974,-2677.95020267037,0.0779296862638741,6692.74890776538,0.17560603784671,0.54449214245674,0.0841684878777729,-527.60107897877,ts2_ratio_decay
50,-32.7763806380567,6.4939714625026,22.2252614615964,-3.37358076364184,-0.229503706231316,0.880140244323973,-10.7965970025372,-4.41894516181872,-5.23466470065079,3.05812284145783,4.96995062160951,0.162046101297596,0.236007718488348,0.349002935852723,-448.631268121397,ts2_ratio_decay
51,-28.0645165565981,-1068.06944934495,31.9689144693642,1047.27618461149,-1.39940047890507,-0.600132432969189,-13.9334747467412,-202.516380867372,-775.605184286335,2.13130732556125,978.542448694504,0.188257161611593,0.305992741577794,0.0215541532015857,-362.542780821339,ts2_ratio_decay
52,-9.04754499111337,1.56314959008501,3.85027632212377,-0.152986248169951,-0.186404804006508,-0.468837461968798,-6.61984197674834,-2.5443587277896,-7.17183636351103,0.847838901690379,8.33314087241859,0.304731554422302,0.200016936852152,0.874678783582522,-414.985369060811,ts2_ratio_decay
53,-5.28955940754109,1.39210808092283,1.22488713359148,-0.254872839348829,-0.170471567344156,-0.560461437778673,-51.9970534276689,49.6666148397307,11.7837730610707,-6.9613843457341,70.1975184473702,0.147663016352979,0.561947380586496,0.904805729627041,-518.533289419125,ts2_ratio_decay
54,-5.84773793981203,2.2088109841549,1.53897056198638,-0.279252877996598,-0.0655379530122959,-1.01862606118843,-7.54666054085493,1.63970936181317,5.0492610398624,0.356379089905585,0.206808957399072,0.398975744608557,0.610150414172038,0.891542434416886,-640.005444345795,ts2_ratio_decay
55,-211.279559617861,90.2792064869826,182.131836431569,-77.515691087201,-0.328770112595665,1.39486994020259,-5.70016794791071,-996.54204651068,-2281.57787469999,0.201427566020695,1428.40599675635,0.153279214418134,0.313024849692801,0.14271215606014,-434.916317698778,ts2_ratio_decay
56,-1.34580905721047,-0.0527772091955095,0.455462910211241,0.742766400127567,-0.631291203225997,-0.380493371295344,-4.09597936163291,-78.5288727191776,-162.451743554073,0.0983392313144214,411.34338847497,0.633858620353929,0.845690603058684,0.794006910323552,-449.526997023311,ts2_ratio_decay
58,-7.17055717517721,1.26692339420423,1.81547724384969,-0.406205197934515,-0.0938177153672933,1.08889709231379,-74.3085480519705,44.9986107913588,-30.6684576344316,1.8231122667809,129.059418231082,0.21920707430956,0.471638125907185,0.951934516793742,-496.276137194075,ts2_ratio_decay
60,-1760.85113881875,1132.86585689651,1672.31204938455,-1074.39383124688,-0.371981471167567,-0.130084252824081,-3.70739420278111,-396.636534924513,-1616.40538460539,0.205133024432373,1332.54990350446,0.0522769223534769,0.260690551915753,0.0512179946923642,-467.182947487929,ts2_ratio_decay
61,-4.07962616494651,-0.699628203113796,2.53697759583675,0.0938260007941201,-1.42632531159684,1.43609966631374,-257.520827475154,91.1513193500798,-139.420048525344,11.3960826410659,219.320459346787,0.0651347794747706,0.274118546859815,0.944584810886843,-413.269889215835,ts2_ratio_decay
62,-30.4505986445985,-2.18545792783113,19.9831422369522,1.41727085751713,-0.451547991149571,-0.217248018406075,-9.86361402475561,-0.858982566807272,-10.4954588147545,1.53348204543913,12.7676060429989,0.0767322586185443,0.247869696351558,0.407622782123931,-598.839040472971,ts2_ratio_decay
63,-4.41733415879663,-0.739444628742207,0.508644593548883,0.504780783280671,-0.156761826003018,0.326725157764188,-29.3376753044309,-260.521562523838,-1226.102971516,1.50654289334589,1042.19729708331,0.128965648511147,0.307404531269756,0.940436685495839,-581.05561449145,ts2_ratio_decay
64,-5.52673570488698,-0.281601887640972,1.02029998428961,0.177223015247087,-0.084994109268351,0.889049831593018,-347.04590835191,292.645124251289,283.731683007727,16.817785450736,11.2029206320778,0.299246194044347,0.530187552208301,0.984003375053499,-498.457735709294,ts2_ratio_decay
65,-15.6427938019553,1.11041411309313,7.73621543396878,-0.243599917076677,-0.695922941190485,0.109562665658239,-12.5761616822026,-0.383185190578872,-8.12246617836466,2.18510886579871,7.30268069698889,0.172712649899696,0.39954842737883,0.658259505995263,-569.584819906894,ts2_ratio_decay
67,-42.0736960694696,-3.77490222055009,8.1898920147785,2.76994030788605,-0.896101616916493,30.7541264193019,-4.27885237222889,-0.136060653487588,-2.03351245003002,0.239814030059729,5.64135191590891,0.126986422249203,0.37275489430595,0.469671369468927,-615.818013448644,ts2_ratio_decay
68,-6.24048788554076,-0.567226820755951,1.98784287610535,0.551398469338219,-0.153212130257336,0.490355985288165,-7.31499049370858,-65.2945082156976,-223.898590444548,0.535320146170813,142.917872085067,0.116951099169604,0.229823240177566,0.819582044737723,-569.758335836014,ts2_ratio_decay
69,-122.313808520766,58.6613803529816,102.405977448783,-47.6687055951001,-0.49963991421799703,0.0804149889707544,-5.25766072967087,-366.785789349074,-1111.51319529838,0.502853960565097,929.758172230352,0.0842805091782823,0.178234272253615,0.178718395798196,-554.421315609843,ts2_ratio_decay
70,-43.2666732507203,20.9144220788979,33.5098243813261,-16.0275697680498,-0.362469511317515,0.142970358944568,-4.77446055093293,-245.520750570337,-497.049033669326,0.171825519609802,1249.65736370005,0.0422731821468742,0.290098770285722,0.284496243986714,-400.876328361002,ts2_ratio_decay
71,-5.3672123230286,0.252247954610196,0.985142433862007,0.193233819255598,-0.0987665012374115,0.343482136293786,-215.511058282049,62.0391336371792,-36.230755171984,11.3541228634529,266.321656594377,0.15349827278275,0.203111425126093,0.921110940858579,-598.128644692189,ts2_ratio_decay
72,-4.29355096011683,-0.528907413893601,0.893137095380193,0.416157877843894,-0.0877832769485051,0.330494182061444,-216.695410327232,208.441744050905,210.141532679485,3.25581038397651,-4.49635170788043,0.24692393052578,0.576622708410375,0.993931783980558,-553.306405426993,ts2_ratio_decay
73,-500.285736541928,-630.264458637066,462.996349471723,586.397662117432,-0.164238305627619,0.0921201018392499,-6.5933378514291,-291.979674657632,-1076.13456635178,0.784259756401421,782.403884649772,0.0389501139197565,0.254058947456499,0.0722569532640226,-534.589584766175,ts2_ratio_decay
74,-4.24937651069779,0.628433321785597,0.968346401372922,0.0546909824729517,-0.198185564386458,-0.65476127356374,-5.47807294087577,-9.79535548813504,-22.6203097703369,0.238709615284542,17.2935257118736,0.181456977309142,0.313855570210392,0.999999993052746,-603.456054148561,ts2_ratio_decay
75,-489.302342789214,179.549001584149,418.426266316403,-152.476449732118,-0.146731168315484,0.0681609296359715,-10.0645627767008,-241.580984831993,-800.680365277295,1.38846840689047,670.979837848722,0.0819345263986877,0.189437069977241,0.144153378039676,-578.675271643191,ts2_ratio_decay
76,-5.68548442049473,-3.95242763179138,2.19241734269602,1.52564053272406,-0.154372612159526,-0.242901168953161,-119.284597558071,-14.7073969399997,-16.3529702597566,30.1654083295511,36.0357939378478,0.166995816714008,0.266593056635487,0.937932659815478,-442.915536510016,ts2_ratio_decay
77,-6.48671380160308,2.09013951606231,1.20395103900522,-0.04400638484865,-0.120986665652403,-0.591408717973931,-22.8496593558268,17.0511055770652,17.8384923351569,0.0822346801387553,1.41142084971919,0.340868477933979,0.733925558969939,0.936415346994848,-544.039913883934,ts2_ratio_decay
78,-238.740955755636,138.520109950901,199.464191210674,-114.896490817864,-0.130297064080142,-0.163935767295823,-3.9494933626016002,-17.42413888005,-74.6058838746444,0.137850579694884,71.3982465489997,0.130670580693065,0.311260304165502,0.164069777447528,-517.456611263506,ts2_ratio_decay
79,-1114.65827044423,227.808510458008,1013.64665465307,-206.417754701151,-0.220720195352117,-0.950997868438758,-2.76223880463447,-155.533254180774,-467.087692871965,0.0859221494671705,390.388220754997,0.146359846612641,0.290642046782327,0.0925930016461016,-504.355699780517,ts2_ratio_decay
80,-1090.48733367027,324.423079431539,978.302249573038,-289.619781812103,-0.360160507085641,0.0324147639126129,-6.33797246564413,-2.04904031990497,-20.2007991663655,0.357138139513338,16.4904781943692,0.0751267443520153,0.246075611522234,0.103595456972791,-561.110003473911,ts2_ratio_decay
81,-60.1150260482779,6.95443537829552,47.8556481964921,-4.44659845346679,-0.677903556678321,-0.849606942670245,-4.47467579763649,-2.25088194272058,-20.58096120883,0.200545061475438,20.1805572324302,0.0997668120446322,0.573690118647845,0.251046112391921,-497.582807793186,ts2_ratio_decay
82,-4.62762531782431,-3.5638681103457,1.25712091559168,1.33623589734096,-0.058049468676881,0.320423194412436,-11.7488495820903,-18303234.3859231,-42.7313115700587,0.61853755964397,45.2697059235223,0.023240064766448,0.340559734060023,0.856846682882214,-477.687528411125,ts2_ratio_decay
83,-10.9080189989541,1.97262985573255,0.710332247113231,0.334465473673777,0.033863648925223,0.508281482580258,-17.1419113842561,-54.7983632962561,-161.273332980914,0.797262886848178,346.053448119078,0.127469373921818,0.45696179796084,0.981687431319731,-538.402029902601,ts2_ratio_decay
86,-4.74255119650755,0.398964551922293,1.20575021748868,-0.260199140807473,-0.135059964333869,-0.587789421951903,-107.953895892179,-16.5230696493408,-272.536519107485,4.88867569451144,224.876268054153,0.021342464705025,0.249398768076503,0.967889253547115,-559.018087542198,ts2_ratio_decay
87,-26.6086015637652,7.15126521792001,14.0389988693737,-3.18987643811883,-0.125406583837702,0.332359770335149,-650.182709498187,-24.1089353850302,-96.2978805390033,162.153858676623,118.499177692904,0.0822018538290114,0.117899769930875,0.506571140467953,-564.24178993386,ts2_ratio_decay
88,-343.704015567303,152.37010124599001,293.487262482586,-127.889974875336,-1.2538311777164,-0.0994458854094483,-14.5194901141662,1.71853680312093,-6.07259907116322,2.51435403105309,12.3104994060208,0.173296497987255,0.300729742583103,0.161589210925221,-554.306850978305,ts2_ratio_decay
89,-4.26097361072091,-0.485277348922055,1.39301661310715,0.0652117133386457,-0.0942762119645318,-0.207423699216375,-5.79438619318226,-22.5663022490602,-110.812956854295,0.155828148820423,146.477851026736,0.0361614453704288,0.759271080630124,0.89501829558499,-517.564770503552,ts2_ratio_decay
90,-6.17619749630567,0.812908839957896,0.857282920664307,0.275095945533319,-0.0551204362056244,0.0404040410759666,-11.0172125531752,4.2782800580379,-0.096358724497858,0.677252745975964,2.09489585408902,0.20445283646204301,0.145142998288793,0.996935360924338,-626.094817053385,ts2_ratio_decay
91,-85.6956425720617,-25.9085135705614,81.0268502497183,24.3279896669962,-0.67555525907364,-0.186028987749815,-4.94481738392289,-117.711621552886,-316.046990167927,1.18746446534906,399.264470459827,0.115135167425235,0.215920941491728,0.0822503964864171,-458.505696490949,ts2_ratio_decay
92,-8.90915626986074,2.67846916382721,1.61162692571849,-0.300837862776722,-0.0792648234896815,-0.767479041886119,-5.80301912441518,-6.91650782731727,-20.4716525302419,0.18389078827919,14.6781332535829,0.256228599863818,0.369015056680316,0.878786325092271,-564.64917309491,ts2_ratio_decay
93,-505.535662276945,-1232.40562795453,469.019214920255,1145.73906903359,-0.456996520417755,-0.74441331191998406,-16.3639220421693,-167.425113161916,-733.533734797804,0.741741153531653,630.503063449232,0.0623572036864866,0.170820963311755,0.072998805034312,-367.794245316141,ts2_ratio_decay
94,-5.0320399069891,-0.299593519367519,1.21260697017666,-0.176688987752036,-0.121635049109806,-0.449513216840969,-177.716720896838,85.0676172684249,-97.8173518178477,6.8962840482355,155.026113780131,0.243144363263717,0.387210188607271,0.92664557407701,-515.430926171499,ts2_ratio_decay
95,-4.27443825943381,0.266537031844165,1.34635468450324,0.0416422935394515,-0.0740596607643582,-1.11684555140252,-9.37562531537189,-128.983249279911,-266.290431520226,0.456469266932061,687.801780313264,0.372985338427221,0.608251642440121,0.91641942352759,-497.150058582804,ts2_ratio_decay
96,-1937.90159937059,41.1326337882727,1107.5490765389,-66.217095747692,-87.1680879249247,677.336697541297,-5.19899345913961,-4.4237217507192,-8.64866331304425,0.244149842669303,13.3743346052579,0.493366679935999,0.829932696310666,0.38980009580305103,-473.526228556568,ts2_ratio_decay
99,-4.45628044624328,-1.76071956503485,3.3728676468483,2.14466847248279,-1.02076262889093,-0.318147396734112,-2.52498289370361,-51.6956554148602,-146.471074523128,0.110222721117634,188.154925530508,0.0383936411246342,0.284017063833763,0.54861545707861,-514.908448230401,ts2_ratio_decay
100,-3.86973549340275,0.484566746931274,2.22158526212518,-0.148709445075381,-0.539603778217795,-1.39650462338906,-7.74258266856401,1.853932907469,-7.4360220692641,0.2762277358662,6.00263684129536,0.19186383341485,0.457633046477343,0.878839803580778,-465.797978006197,ts2_ratio_decay
101,-2257.1108160499,1472.6093477753,2161.86054692041,-1408.3767331139,-0.495144449215885,-0.076372022018657,-638.007099428355,630.550001265994,630.424321870063,2.02933295684118,-0.213937697187955,0.797266969357306,0.999917846836307,0.0436173727175311,-186.541107173594,ts2_ratio_decay
102,-4.97676317677299,0.474175985378206,1.02691751320653,0.242958309149517,-0.116422229797612,0.147108071388276,-6.26578211282547,-104.682777682472,-186.269704711838,0.220424119133913,120.323055109082,0.266448497837008,0.232258989781643,0.949821067685596,-581.21987564544,ts2_ratio_decay
103,-6.21197233873871,-0.832927445479617,0.442716921414864,1.31676485510743,9.07305287086791e-4,0.0753551308213469,-485.285501623348,-24.3223626274724,-101.477568351808,15.4459686091753,116.282896841016,0.0684278491611964,0.0472265958862792,0.939087522923189,-463.166858096113,ts2_ratio_decay
104,-756.891608899263,275.148988448248,615.74706947571,-223.052554436777,-0.244351669773459,1.07506842375039,-5.06476748885584,-15.8682026321789,-64.9014959903015,0.318475599286574,42.3943053569673,0.158795308263584,0.410160841632237,0.186583991812886,-582.662667151428,ts2_ratio_decay
105,-4.52216008570752,0.241310804699772,0.819701514363884,0.115099742320047,-0.0831373939585223,-0.059368462225541097,-963.843823246146,786.883103041517,-864.583605479543,-9.21434606611177,495.950221654497,0.097002298461319,0.416370764412829,0.997158164196634,-607.13425745203,ts2_ratio_decay
106,-71.7683060352734,34.8658605190236,41.6749400358932,-19.6861154549859,-0.114624021111231,-0.046722610067496,-2.74506361541808,-261.640459360542,-1074.2893892691,0.13141512561547,659.073975997304,0.100614770817815,0.237798325556124,0.431261403700429,-571.237674497305,ts2_ratio_decay
107,-4.29373624658936,0.169638259846285,1.20199594399841,0.0965495024268099,-0.105659108554727,-0.796800564689322,-15.1143007429628,-382.190568994326,-235.708599669169,0.748928883721909,207.16086506046,0.107107955186776,0.401885314885742,0.903535213690656,-564.186026557185,ts2_ratio_decay
108,-4.15118345990822,0.769875202178091,1.11894970358317,0.128406217447812,-0.165842124829319,-1.53605953926035,-12.7078565052444,7.06337559397349,8.09932581322982,0.566378840432812,7.43599225936587,0.163912686571896,0.446057091805175,0.950985788513552,-545.860264312376,ts2_ratio_decay
109,-5.235317155949,1.52055766258316,0.888398052109494,-0.110821597241883,-0.186921515405246,-0.221517307551845,-12.3728466911454,1.00507957495283,-4.17259219892224,0.688495284164211,8.97331600454823,0.10220844426959,0.295171535344089,0.927272830439319,-615.017976427136,ts2_ratio_decay
110,-1572.51025667115,1019.65152928064,1355.54628086884,-878.376822446771,-0.149640712682536,0.479849733531378,-8.51596189832059,1.67576648406245,-0.294345699918332,1.14813886267416,2.03526168929807,0.181529291192872,0.341209717633393,0.137618495246405,-595.6851632654,ts2_ratio_decay
111,-6.75435796283476,-3.25768511219004,3.28086193982159,1.48680302718044,-0.112813178463926,-0.0759889056304374,-5863.08231105192,2464.98103857186,-10493.7175836568,-207.19243779072,12481.8892201986,0.0619638878320951,0.0887780472979828,0.824309351030946,-366.975848476595,ts2_ratio_decay
112,-12.0371274403729,-1.63585146315419,6.28953742193977,1.09560168118798,-0.164828922300487,0.147560576214371,-3.87723430790332,-330.369826814553,-597.511998058403,0.164899780547076,839.606827868337,0.112993884458763,0.39923118412166,0.507925964916106,-556.04438818336,ts2_ratio_decay
113,-9.82995199762281,4.0120999545030704,1.82625996665844,-0.552308849391707,-0.0592024862718392,0.18346825683991,-256.958510804122,-7.4284460233043,30.6120061497571,-5.63264337402295,202.9636648915,0.0796763632031717,0.358498225027802,0.861530587412342,-525.926307768799,ts2_ratio_decay
114,-4.25795490764767,2.79937837029156,2.79784543219355,-0.598089549401753,-1.19472715177079,-0.688426260949191,-6.85814989538766,-1.10033246815374,-4.81309934491991,0.448916105450152,10.287401223573,0.145085300246719,0.318110047380001,0.930152346276381,-589.151371375567,ts2_ratio_decay
