id,bkC,bC0_1,bC0_4,bN,bOC,bkE,bU,bE,bEv,bPN,bPR,ptr46,ptr28,alpha,ll,model
1,-1.70394371673944,-4.27117189840914,-10.9559379543738,0.00128482379289305,21.8659961942644,-5.83889500100287,1.44329729952596,1.82906076322523,0.0597154621628024,-0.12991388625194,1.06169646377091,0.992181670141827,0.99999992479006,0.92961187372591,-483.838007689837,ts_ratio_decay_stop
2,-1.06791656490779,-49.2683220355577,-198.386459026871,0.0198401397569394,166.165599045,-2.7085482434127,-0.441248488949026,0.270199125745413,0.885786185873851,-0.0830832908148866,0.083425999555813,0.9999999348324,0.999999879273688,0.999999488306778,-572.776508171077,ts_ratio_decay_stop
3,-2.63562664024422,-1.25635585751386,-5.94578561716291,0.0952232554762754,6.81451996234318,-2.25957802867995,-0.440541484315738,0.741385888571537,0.447140179760856,-0.105227801884843,-0.0333111989246393,0.999999853610524,0.999999934365948,0.999999990498276,-559.634008640383,ts_ratio_decay_stop
4,-3.90964769824879,-0.691025227819592,20.3058677248339,0.840154705051815,5.94773181771712,-0.0525145148613992,-2.62612322260698,-0.281530015631534,1.11526207948015,-0.0932374403468218,-0.197631223892723,0.999999904497767,0.950658897118746,0.999999987226241,-646.12420659046,ts_ratio_decay_stop
5,-3.21461348604695,-5.72574691466585,-10.7868630462583,0.113960292781459,17.0016791954672,-2.03744784724317,0.41630966428275,0.920669675781621,-0.0709746597745278,-0.217838408411362,0.318936205874754,0.943732827888183,0.97631494698614,0.999999936779461,-536.038640966172,ts_ratio_decay_stop
7,-1.33784881708968,-4.37552181936661,-21.0564009323233,0.0240475536868434,28.8177090214268,-2.07337022720862,-7.14991249155203,-0.289265348448426,5.11704792293859,-0.0409339484161813,0.647126897718985,0.90080283131248,0.920394022779636,0.869126244748322,-523.995381211808,ts_ratio_decay_stop
8,-2.28908959344171,2.85793028629037,3.08761513169742,-0.0227051592357985,-0.0153573321072641,79.5340223858104,-208.167733388458,-42.3085242716779,107.197983029893,-0.130966654840694,0.204621794579654,0.999999923361554,0.985933149832997,0.994158343873834,-489.371907125973,ts_ratio_decay_stop
9,-4.93970302137002,-86.2376035933214,-531.13971148653,1.57955929030749,443.169381110898,-3.05449700085417,0.611592089127865,0.875975435908775,-0.0218308033163559,-0.125458099539867,0.378681138751862,0.999999788552661,0.99268259741063,0.962200072608394,-563.329420598363,ts_ratio_decay_stop
10,-3.03074678038416,-8.53713248436289,-29.1077307097139,0.140350955694663,35.5786999002999,-2.71832470132544,1.47087293098399,0.930530732968781,0.292515339758972,-0.118001673497274,-0.565388410549087,0.999999996126116,0.999999960808287,0.963376274215821,-507.46816305637,ts_ratio_decay_stop
11,-2.78922544025613,-8.06947965958149,-27.8634982967682,0.448479003359393,25.1188834237037,-3.41828232284128,-1.73960889304704,1.21669727712811,1.07527684997262,-0.0607861477915236,-0.152057921725937,0.99999999877569,0.999999998258385,0.904925293837486,-479.156696369839,ts_ratio_decay_stop
12,-2.22015517398971,-13.9946515715565,-51.9333387358122,-0.0441623537191269,64.1675352794601,-3.66369993591525,-0.904898944576532,1.57585254598513,1.34439200191338,-0.221231566981214,0.186663273307285,0.999999972973632,0.999999968679718,0.979233783501217,-324.047973201266,ts_ratio_decay_stop
13,-4.54705404235986,-24.1228575155687,-115.731352897965,0.199431028227642,148.601848200354,-5.56686929616236,2.32763909227226,1.28684507380232,-0.126382657443144,-0.0843616669157092,0.329641485866501,0.999999631009392,0.99999977055967,0.969024305291981,-502.372461506097,ts_ratio_decay_stop
14,-2.24949734315253,-130.878797726687,-323.915698470457,0.0768830581542283,379.080084941593,-4.83797885485395,-1.13027996323623,0.52658264848361,1.50273494692336,5.32319156065742e-4,0.223259003718334,0.999999961747544,0.999999984428565,0.867859884005257,-474.160061346072,ts_ratio_decay_stop
15,-2.59216691243467,-28.2754932647717,-61.0514436522161,0.135351099937455,156.359934235966,-2.61675058173367,-0.215851701392621,0.481715570881675,0.948105643655429,-0.16599376698924,0.151719851503647,0.999999982782377,0.999999983137586,0.999999901273472,-541.994022961886,ts_ratio_decay_stop
16,-1.9536352008502,-7.76610893397463,-31.2080158202127,0.0950692349251886,27.1197637185652,-1.57850409155282,-0.365445734996674,0.240323612306131,0.712019023549893,-0.108986443576038,-0.0321236923823675,0.991982802459825,0.999999745134541,0.935277823995631,-573.217240842692,ts_ratio_decay_stop
17,-3.6895853349571,3.24035627464166,13.2514261637233,0.0847423769131203,-1.60088202354131,-3.30352423800651,-1.3368514471661,0.543297084090967,1.87382335403547,-0.108592429204711,0.412542225683662,0.992652374700775,0.999999999156242,0.963251544344445,-525.135329837154,ts_ratio_decay_stop
18,-3.77948732984028,3.0117667456921,27.9161576187877,0.135315307117116,-1.45422288376068,-2.2877803433412,-2.0971800724051,0.116774178035485,1.99042663755789,-0.135711718993934,0.37124995655872,0.991761901361342,0.999999994138231,0.97579719636489,-536.973396066415,ts_ratio_decay_stop
19,-6.92522695970323,0.434473775882796,-0.0930523522972156,1.9380588910683,1.70298955078,-4.26103503903296,0.0481543590893017,1.70595081117599,0.331877913081922,-0.123389990898348,0.472497863115405,0.998704431431827,0.999999998689508,0.918823618336146,-439.239612528771,ts_ratio_decay_stop
20,-1.45797377494415,-76.006878144324,-312.686731160426,0.0779166267441867,197.441449181073,-6.51550538819107,0.373669015348209,2.05359776838328,-0.0527014900622044,-0.0545808287537354,0.878716037614477,0.983487920171917,0.999999575651472,0.942987497833884,-496.074286582212,ts_ratio_decay_stop
21,-3.0982261250806,0.490775906562286,-9.3928737709352,0.125719118741545,11.5388871727868,-2.72102774470708,-1.79888972542371,1.07903178440397,1.44888226109173,-0.167824205809612,-0.358481393185061,0.99199338059531,0.961390005462334,0.944165717807459,-476.106722667532,ts_ratio_decay_stop
22,-9.03709631660847,1.91331996221409,-5.89463240388597,0.961235996887894,13.3523757172,574.069463891318,92.818494425366,94.9563601677204,-26.8009555216282,-192.493883714043,-116.659825118386,0.665889925914935,0.539445126075312,0.999999846569387,-421.15072968774,ts_ratio_decay_stop
23,-6.5624737005089004,1.76937611265364,3.11392568270492,0.831825075662963,1.31687360413299,-2.01309216998017,0.74566228222448006,0.681376505539663,0.394206364257862,-0.458393075748765,1.32893456132512,0.796452913535011,0.883772552121979,0.990136158824788,-551.680265927788,ts_ratio_decay_stop
24,-4.51479985346106,-29.9045879607252,-113.842876107967,0.142188048747885,172.898415965343,-4.12919500992071,1.12810569502419,0.658378200004957,0.57501991558988,-0.0645686820716286,-0.099824727888669,0.999999994090159,0.999999971066969,0.924893694047301,-472.819426725554,ts_ratio_decay_stop
25,-2.52190991478442,0.454999668070395,-2.38267361177026,0.128719625578821,4.79212942699033,-2.52382250325762,-0.382141331520013,0.524155247971533,0.250364589304616,-0.119621670832601,0.243879059637335,0.995997389989727,0.996318500610029,0.969027754900779,-609.172919080339,ts_ratio_decay_stop
26,22.8497083174999,-22.3156020385999,-26.1908818103014,-0.945223532744986,9.40466404855277,-3.77799134623596,-1.25356522927632,1.48963319479469,2.68436555753863,-0.178938191674875,0.490532358427443,0.999999998513018,0.996676634110964,0.916413144465632,-385.244962401114,ts_ratio_decay_stop
27,-59.5440927192771,77.3284794500307,-207.597636644141,14.7398970730453,187.014529200269,-1.49801419320779,-0.538369954054817,0.983811415608008,0.0794916226576654,-0.143634358801848,-0.376210997844116,0.99999998770182,0.999999857648016,0.931158972410022,-542.342354781833,ts_ratio_decay_stop
28,-5.12205226826661,1.77781470427392,3.30873638508366,1.4121530386021801,0.692461991266776,426.658764276062,-1151.29026141632,475.060861007789,1201.98559648764,-854.80091047213,711.193881062991,0.699511100976256,0.708574334259658,0.968707226030189,-442.988327821689,ts_ratio_decay_stop
29,-1.21304449099136,-113.149259258171,-309.277059619783,0.13178671774776,386.397096073674,-9.49428753057044,2.94780607285025,5.07598794909784,-1.41776915700717,-0.132498905082067,-0.686230471994782,0.940488670501068,0.960758963986231,0.910508914704465,-431.700004245983,ts_ratio_decay_stop
30,-1.0744439028211,22.0913292007707,7.21590931636073,0.0266931353309609,-1.39253826787284,-3.20353492741882,-4.34454846969447,0.549694092131942,2.46312760538989,-0.0453472492338337,-0.493743251821655,0.999999997606436,0.996887153902486,0.974766661491045,-453.647185786712,ts_ratio_decay_stop
31,-3.70941677701136,-6.42614445973559,-25.2796521595453,0.06794279164287,36.4265947162162,-1.95161153246099,-0.0906966432433353,0.360450383646352,0.834389338162193,-0.147333289087659,-0.282034289579681,0.995656013113841,0.999999998541995,0.946550020010478,-455.943281789188,ts_ratio_decay_stop
32,0.11090845566468,-10.1449143579485,-21.929397209311,-0.0117517469880595,37.0272733478259,-6.00946403901653,0.99855749075203,2.68190578967081,0.085307806830036,-0.0964195402785922,0.045233303037152,0.951505104590877,0.988244948646891,0.942372745582029,-453.045586999581,ts_ratio_decay_stop
33,-2.19787248917607,2.45938192128715,6.68089698624176,0.0141637393336284,-0.666792989499823,7.36623870201311,-50.0016183907125,-5.51820951714247,27.0634849327559,-0.135338586562572,0.558417628771461,0.968797040821747,0.992836852912522,0.837278955750728,-448.231545597335,ts_ratio_decay_stop
34,-1.78015761975311,-121.882430282537,-409.644582512154,0.0295528166175145,513.911349358947,-0.767012743272283,-0.665272026908232,1.84892218368104,0.519648775864886,-0.360241731089942,0.914873845496159,0.999999596402515,0.999999557652215,0.999999910152258,-375.823627251504,ts_ratio_decay_stop
35,-4.2383796578981,4.05639209421592,59.9030507275085,0.194882586010203,-2.13180784253536,-3.12440546876996,-1.10265138109976,0.814962238907478,1.91664442880443,-0.166730534545717,-0.169789633359351,0.994425968520905,0.993967782671635,0.849474218413362,-489.416983860317,ts_ratio_decay_stop
36,-7.68239094077558,7.42454985365174,17.8724877524075,0.18434250347883,-1.94556703671866,-3.28564634719283,-2.62159125861103,1.09846847580995,1.4755586932468,-0.114792264968163,-0.0614613527217517,0.999999999550842,0.999999999627081,0.986274177755841,-360.372274240514,ts_ratio_decay_stop
37,-4.51744021174077,2.93315787926146,-1.59513446921899,-0.315005356103759,6.12281370536405,839.174795929696,-2165.21015535703,-514.683762699743,1328.45778474911,0.130066131779835,-0.890679021455863,0.895193007611578,0.941706896321583,0.624831553281176,-286.337320382542,ts_ratio_decay_stop
38,-1.28958816004811,-2.8869803656737,-10.7768357837665,0.0280359891467477,6.7667417196598,-4.34966852297787,0.301375486091056,0.873392595944492,0.141146792836887,-0.0951141314713632,0.68149439813043,0.999999997008363,0.999999740089184,0.999999995211957,-558.015940412442,ts_ratio_decay_stop
39,-5.34938715966764,-4.76991951460121,-34.7952430827103,0.521167028499711,23.6727926411285,3.82023542583102,-1.06003436355659,0.628331443380099,0.179701518465357,-1.04396629174397,1.49529194236997,0.900788757837742,0.760220642067737,0.999999987260341,-467.047499836234,ts_ratio_decay_stop
40,-1.68030942638962,-4.27778430758616,-16.3524209174391,0.177915331161275,15.796098169506,0.0847782653881344,-3.27397204432122,0.359670748735914,1.95325698897664,-0.182015813731876,-0.411921503781616,0.978799294552543,0.99999963612086,0.87553569862221,-485.577863185482,ts_ratio_decay_stop
41,-2.76390088169499,-6.4854909452694,-6.28438840713603,0.305300522608337,17.2058261281599,-2.95226631705438,1.15195131798507,1.19471412487983,0.0549478578382272,-0.284592293098386,1.04396778290305,0.79728988783328,0.999999966420042,0.999999997068537,-489.154494840162,ts_ratio_decay_stop
43,-2.25698786400353,-0.0669954858999672,-3.03814786967548,0.0532929846317703,3.5652571212775,-2.48897324815566,-0.552310827390333,0.709070983030737,0.595481038442519,-0.103674024442495,0.370362125264944,0.999999957412706,0.994834575302241,0.999999991667344,-583.537724521321,ts_ratio_decay_stop
45,-0.204363347991867,-8.71998020252776,-31.9494333287987,-0.00976575937877052,24.4602921077617,-2.7062843671409,-4.53561582748657,0.834324229961083,2.10646722660739,-0.0699029504906561,-0.78470655139571,0.999999999266835,0.999999998444182,0.942375386009702,-428.581865945783,ts_ratio_decay_stop
46,-1.96553949653772,-1.90353344812935,-12.4762059474024,0.115091348485943,13.7142360538629,-0.541165170274193,-2.18372470982479,1.30553503004683,2.37904913142644,-0.55533910960856,-0.346685291218233,0.936952304496039,0.896066386482143,0.88113659391115,-458.090624344912,ts_ratio_decay_stop
47,-7.31912951253126,1.74996634583917,-3.46195887540898,2.65100324144973,3.16926856888623,-13.6087219019824,-0.425800584834477,12.6273358966852,0.704665214676758,-1.23401217415287,-0.247767870660208,0.789660396840604,0.74502526357657,0.507097656793776,-362.157845702305,ts_ratio_decay_stop
48,-6.17114339276752,-75.3445205446923,-312.29148293662,1.34203302562057,263.307633357087,-0.919516811395219,-2.66138136834145,0.384377715553532,1.54642573182207,-0.11571388493906,-0.588709980940772,0.999998976384188,0.935012409172851,0.930143988469922,-463.271891273765,ts_ratio_decay_stop
49,-0.584328638417945,-14.8064195953838,-65.7393844364687,-0.0761796903641952,158.194154153551,-3.22957532597938,0.703251888755174,1.17037329462017,0.518605458774674,-0.170592292603834,0.204882906307667,0.999999870873088,0.885414055657577,0.999999932874798,-484.373680851326,ts_ratio_decay_stop
50,-0.101369583934705,-50.3960426173025,-200.540788401716,0.0701467286814008,250.453758875272,-7.139776374778,0.588874937476922,2.56757008458514,0.905343797437048,-0.188771248640738,1.16252336139281,0.932882977184793,0.99999363648554,0.916619598687491,-431.909875686991,ts_ratio_decay_stop
51,-2.65195167435786,-64.2846755001159,-350.755602887258,0.124570442340264,443.38434474222,-0.292655391112887,-0.740113615613619,4.02159439931986,0.233861045906141,-0.809050480562448,-0.625192250903192,0.922475291763775,0.90448392355184,0.99999991238737,-345.239031590591,ts_ratio_decay_stop
52,-8.15188089828691,-2.83872141456012,-10.777152496584,2.37314249129023,18.4084182359992,-2.84433227667616,-2.54192276278444,1.21292040537228,1.63834174669438,-0.0986025724769418,0.203376621506152,0.999999997836903,0.975592353009605,0.903555718820413,-384.885167201259,ts_ratio_decay_stop
53,-3.90025603842619,3.33093650010159,160.467606835492,0.0839977801858622,-1.35570131243917,-2.64272102726867,-1.61847089679897,0.737785492078527,2.47522867233116,-0.251533649692606,-0.669363589006972,0.973715649327552,0.999999997340106,0.938764412341575,-468.189442225843,ts_ratio_decay_stop
54,-2.27623456215215,1.58619617582386,4.94079976007831,0.143715231106313,0.418618659942913,-3.25776631540054,-0.013289601967473,0.794691403108195,0.730686810620088,-0.0446902981942472,-0.231899138488822,0.999999606661131,0.991838805689035,0.925457061722726,-616.279063070929,ts_ratio_decay_stop
55,-4.63123930639131,0.768168909361851,0.953323324353807,0.117181131162869,6.33191212606586,-5.17779890094257,-4.57770955777757,2.13361903905586,2.46058883037104,-0.198700161163394,2.04428533049407,0.999999947940996,0.953847807609109,0.830852642161361,-375.452045819556,ts_ratio_decay_stop
56,-1.84168472290639,1.0193124629091,0.143430843246417,0.00168103840896591,7.89165842135409,-750.689048032632,-1795.87649813313,1041.28429460786,1794.99840478784,-291.56155368402,234.958187449649,0.745290461428762,0.769782819965819,0.729163599209968,-441.232092727264,ts_ratio_decay_stop
58,-1.33916278215648,-4.84455563550575,-21.6680999709575,0.00174673828516512,30.6113155886194,-2.99406048369833,-1.93018542072111,1.87820466207505,2.04803661178212,-0.227014245870491,-0.512589567736928,0.999999999110352,0.999999998727897,0.981893366365863,-380.164753194389,ts_ratio_decay_stop
60,-3.03961725226551,-21.0950180431843,-72.2111441948472,0.115461123099883,160.692049629111,-3848.51981081322,1771.89970781225,3708.38757301279,-1705.45652947713,-0.171102312783529,1.21745699388028,0.967233426105043,0.860484232319731,0.0363106047605603,-417.677035729094,ts_ratio_decay_stop
61,-4.92724496339271,-88.5554849347224,-302.152684950343,-0.129124906661868,192.514359292679,-3.9233985052606,-0.583484646160125,0.863782626743118,0.520078058926099,-0.0841511355964523,-0.634980707280902,0.999999994165285,0.999999986013496,0.999999982874104,-306.992163059497,ts_ratio_decay_stop
62,-1.04229788025143,-7.72480807211097,-26.9989041440558,0.00523143283150575,24.9483575386963,-2.66704735852853,-0.943141965594529,0.607982717140093,0.632940164744231,-0.121044238131266,0.345717502058366,0.999999996687457,0.999999982128358,0.971671205998779,-546.030629393577,ts_ratio_decay_stop
63,-1.61802601395637,-63.5885258498106,-310.979109471855,0.00316736350703996,260.688273443182,-2.19324987082375,-0.605558104507915,0.447328873935877,0.540149393310771,-0.145953371266265,0.307776095115582,0.999999110117517,0.982798763652843,0.99835272979692,-537.21789001987,ts_ratio_decay_stop
64,-1.81303737341518,-131.079946750067,-355.463780186156,0.121328434717238,443.936497791895,-0.766942893540878,-2.75329253571328,0.98577157395019,1.47635478122592,-0.317815761697512,0.109749439034938,0.988914549863266,0.926075149415345,0.980263683257892,-438.832184349449,ts_ratio_decay_stop
65,-10.1810400426355,-0.837715931054238,-8.28312546536597,1.78760635093911,9.97282766623882,-1.63817442415871,-1.21425618621939,0.339381206408716,0.68228586317473,-0.0995469204801103,-0.0754216118719391,0.979999131318078,0.868595060226161,0.966501142817294,-544.950627425987,ts_ratio_decay_stop
67,-3.47772051422458,1.40093303258131,1.74826923075825,0.0950211798011504,1.61281473067954,0.01177848404984,-6.42537644478972,-0.556961617642442,4.41018999429182,-0.1447928823734,0.192540684083942,0.996337312882886,0.93385497761498,0.947809295920034,-582.771790635875,ts_ratio_decay_stop
68,-1.94365597694105,-7.49848884926681,-31.7609124420845,0.103353964868274,28.475810671263,-5.82727970881426,-1.72714438400341,1.53230896502411,1.03212396615818,-0.0261980561689808,1.43840076800892,0.999999999176289,0.99999999911409,0.952508215443629,-474.972532135571,ts_ratio_decay_stop
69,-3.16304612746591,3.86766273309034,28.5601149361483,0.112708548418356,-1.87949085010244,-6.43457085913652,-0.627926448404846,2.89280623287874,0.951090859627966,-0.245232238549622,0.721394679510267,0.994252614958083,0.999999692263727,0.946414642616297,-474.286627325092,ts_ratio_decay_stop
70,-4.60186720544388,-738.475584793412,-1482.77390106336,0.0835437832989223,3717.48612828009,-8.93577451353537,1.83590347720008,3.73392560706066,-0.178868719629271,-0.023400924647842,0.924110433243807,0.99999999821574,0.976070819938749,0.831904502215411,-311.235860874803,ts_ratio_decay_stop
71,-0.957062983382122,-378.606833139472,-760.088777396849,-0.0170445635996518,949.417440631887,-2.40814641203754,-0.234497746080587,0.988777096621406,0.238326185044017,-0.142639571572537,-0.162041587999752,0.99858890588803,0.987846060374708,0.959036364544539,-538.932506428323,ts_ratio_decay_stop
72,-105.01595701966,51.6927997262336,99.5412604766961,34.7817259487659,-82.3465041783433,-2.18090586522157,0.698144556363194,0.574770778784409,0.134070918766176,-0.137955970414642,0.119720740238056,0.999999929923059,0.999999375921967,0.990415541424056,-550.65615620338,ts_ratio_decay_stop
73,-1.27055999666891,-8.83667944643357,-33.8285522523004,-0.00696604117285476,30.238884597199,-2.83720481465066,-3.21291311348004,0.123666976167671,2.74061498225988,-0.137122631773655,0.238989454462515,0.999999999611702,0.999999998281703,0.971057939655932,-427.265363631437,ts_ratio_decay_stop
74,-1.9732034778448,-10.8193593810247,-32.4496677051352,0.133730361615075,27.6681883439803,-2.11022780896826,-0.458479912672866,0.556697283314105,0.389705091636177,-0.108220658187855,-0.126902642158037,0.993530969450963,0.985684555393192,0.999999998521205,-576.359019877803,ts_ratio_decay_stop
75,-1.22055362609465,-8.37783257398867,-34.5526088984263,0.0286631051282096,33.9433977746769,-4.24128273523893,0.97063285801038,1.02237912735499,0.287671507832244,-0.127591693656598,0.385297129587136,0.999999997733527,0.999999996364931,0.978704224808737,-523.898461082401,ts_ratio_decay_stop
76,-29.1003710276448,-20.7353372832727,-93.7899873218756,8.52702091935506,82.2316933904484,-3.40983290492821,-0.243406117289699,1.51998769858705,0.269615911924832,-0.0502308108357148,-0.208941574484183,0.999999962761576,0.99999994104007,0.970417892506265,-377.493650468067,ts_ratio_decay_stop
77,-1.2479700771457,-58.2857422279614,-149.619505443759,0.0229902710390817,151.193146603779,-2.82253837042543,-0.143142442382256,0.491341057370205,0.601665144112231,-0.108794226902293,-0.465503976520643,0.999999981889849,0.999999986952157,0.965025814282826,-516.176647992287,ts_ratio_decay_stop
78,-1.45428126703749,-29.942039714534,-123.564183378055,0.00208753010015702,157.265196661134,-4.88627127952878,0.783528192329109,1.35866369106292,0.673851226545021,-0.0815860635075473,0.706415887934794,0.999999989719125,0.999999930418052,0.93683716180136,-449.951036048259,ts_ratio_decay_stop
79,-1.38544638054191,-78.4321496043147,-312.410474166118,-4.51926147979758e-5,267.727197344695,-4.20993515828352,-0.775271936865237,1.96849537409194,0.554036756037332,-0.114732727732977,0.392158534620828,0.999999983024865,0.999999994921065,0.916043533260023,-420.505426729094,ts_ratio_decay_stop
80,-5.17844775076045,-87.1195012612544,-387.866294245477,0.198141384885909,342.143825639186,-4.28981093429516,0.530099361966355,0.87052308777584,0.365436553737388,-0.0733671202136249,0.167693209167979,0.999999998818082,0.99999999582888,0.946782892720216,-526.761209126763,ts_ratio_decay_stop
81,-4.11575970701865,-53.0648896537782,-224.778535077935,0.130138822830398,283.237983966864,-3.894441427088,-2.30899736713878,1.04945955727079,2.64916164271868,-0.0815597054973367,-0.0649443922278378,0.999999987737009,0.999999860363303,0.921567526695058,-380.562938521691,ts_ratio_decay_stop
82,-0.468617785549573,-7.73034762543249,-21.1743902643792,0.0132273563648249,21.5592731964081,-4.54643233110221,-1.41689174137085,1.61930678320374,0.94219820980704,-0.0786072755932438,-0.121486460658115,0.999271031231254,0.999999281120544,0.851460544807718,-445.84944353969,ts_ratio_decay_stop
83,-2.42504975952333,-38.8442031667316,-134.414900367798,0.0510354222612185,201.465701483152,-3.60502664079107,-0.886762962075564,0.883640445926353,1.94854574341507,-0.122253137761789,-0.349685484653581,0.999999988890573,0.999999989238999,0.915818636146604,-424.578801525843,ts_ratio_decay_stop
86,-2.48282642959623,-127.253942938605,-456.99221050903,0.0672573444058035,287.364720645639,-5.42431011090057,0.578859337823773,0.917240730146315,0.139191887019264,-0.0646889630206589,0.395004689349448,0.999999951949113,0.999999828733576,0.995735826466524,-483.949034752915,ts_ratio_decay_stop
87,0.444532421259593,2.19131887364826,0.36126852607007,-0.107926984097562,0.164057426770776,-5.31268490804094,-1.24202962964971,1.36576272309401,0.900545447224775,-0.0380088029764716,0.444455586145758,0.99999999926857,0.999999999255076,0.999999964381408,-533.027198296408,ts_ratio_decay_stop
88,-10.8679457862807,3.2373780079415,-3.38353671011557,1.9385914285613,8.92822003040692,-0.748714938779215,-0.686545009054233,0.595640751254161,0.440516583560793,-0.480724149344788,0.961520951771009,0.917985708257401,0.822220454845826,0.868917775017832,-549.631886272964,ts_ratio_decay_stop
89,-1.84445999738649,-55.5352550954061,-150.648717530929,0.0552407511376355,372.928112735438,-5.04863013781083,2.26746485239805,1.22579687626496,0.911147672515934,-0.0831660696542391,-0.189988058544345,0.996718918120953,0.999999847034592,0.944284114747499,-467.421435076076,ts_ratio_decay_stop
90,-1.46111696701503,-11.805453817636,-42.230356267406,0.134538938065961,34.5336482700176,-3.19962171224306,-0.731395190581849,0.425789363406307,0.55731401805145,-0.025411935147008,0.239963530745913,0.999999990683431,0.999999944349974,0.999999998718885,-610.907269173463,ts_ratio_decay_stop
91,-1.07259178733703,-72.8882034982847,-179.204428808813,0.0203661328250655,381.914198302347,-2.24284918109878,-0.924646499838318,2.32653910800708,0.689469601529358,-0.227292670997999,-0.549052568720955,0.93378158223641,0.950951987716773,0.939331546165839,-399.748721366344,ts_ratio_decay_stop
92,-2.2024669185119,-6.02521651066186,-16.341867685618,0.0177724599407757,10.7769033049504,-1.25939485747562,-0.814129925946626,0.18168467714536,0.533545310127511,-0.138916194596308,0.807566524864604,0.999999638744558,0.999999958885736,0.967143985822457,-536.783104459332,ts_ratio_decay_stop
93,-6.22841724912205,7.20022908354928,10.2205809380956,0.0143369156361194,-0.293354673709069,448.694929252937,-1121.15018073492,-227.820058856836,566.265694177097,-0.104258861954934,0.376273556746928,0.999999912563036,0.997097277876295,0.947854778817858,-250.551895369833,ts_ratio_decay_stop
94,-2.9911379141955,-104.027411005836,-414.473062346599,0.067872198194409,261.457457848173,-0.283832326161268,-2.92233077973512,0.602322441240629,1.06670584703438,-0.146468754526864,-0.420149563226965,0.999999983538478,0.999999992350451,0.931904956280427,-433.360594836044,ts_ratio_decay_stop
95,-1.43489940446418,-41.9554048171062,-86.030407677164,0.0410715570040949,220.25059534722,-1.49370633832374,0.127719054443213,1.8133570827315,0.569008514886048,-0.380940271891957,-0.637565702712087,0.967544510660668,0.999999941436993,0.983263695651876,-446.517662436136,ts_ratio_decay_stop
96,-4.68849535760408,-2.82794826575441,-6.64142057840997,0.255230640181876,10.8067575940281,111.021697611008,-13.9010986953907,40.3333197095366,26.8599685269302,-51.5701220305698,-0.0663096484691182,0.72797341715911,0.591752085820306,0.998881038700143,-460.915755763253,ts_ratio_decay_stop
99,-2.23338217479836,-87.6007508775621,-139.251859654807,0.0256341862788373,357.397939951468,-3.49434926658187,-1.36404348362045,0.564970476334021,2.0524652645935,-0.0627052298209632,-0.385816800211589,0.999999990146838,0.99999998984412,0.809478716299767,-429.051006654614,ts_ratio_decay_stop
100,-6.94169620518933,3.5105512980047,-2.51868201959736,0.225810551208627,3.93559030395507,-2.89174214507093,-1.05588215565446,0.907583935690074,0.630068350939687,-0.121962702014136,0.526119303477383,0.999999831327787,0.999999914394545,0.999999874909273,-404.211266355709,ts_ratio_decay_stop
101,-215.922478420346,175.246470639188,95.1867716830779,8.0130767395213809,132.23853762205,0.811216070560405,-8.56497405564937,-2.48085904987203,9.99902314563329,-0.0210378624613871,0.46737559776993,0.999999968424303,0.999999956038967,0.934236957161251,-174.211208646428,ts_ratio_decay_stop
102,-0.933293003313433,-1.45039121818212,-4.67518546074558,-0.0308531898122437,4.77197434655071,-1.01446540612281,-5.20858424177614,0.245089057960573,2.76064847277665,-0.183885256499687,0.33242331533374,0.978188918456339,0.971197598217566,0.999999999648908,-537.224688301635,ts_ratio_decay_stop
103,-1007.92645040444,177.257582045972,-36.7533716405486,252.427365014024,238.557543176714,-5.88990018425515,0.27835739241226,0.540513369063476,1.01246067112923,-0.0103398821494708,0.155596038269521,0.999999996709875,0.999999976552682,0.919951334753915,-431.928085660107,ts_ratio_decay_stop
104,-3.70530195058029,-9.57152613921056,-35.7573588401831,0.15503211558622,31.6470592068626,-3.67528019934607,-2.75117289413765,0.533225696827412,1.58662628260598,-0.00866827890381411,0.740204351663532,0.999999963569845,0.984925706300121,0.999999497496648,-485.723147738585,ts_ratio_decay_stop
105,-0.921435764864647,-5.73262019281968,-32.4688049249318,0.0441717022970444,20.2306088015582,-3.93406644917049,0.618356831862775,0.841239345529494,0.0874605125372927,-0.0449572878703391,4.32742169912343e-4,0.999999997644585,0.999999997835784,0.999999998544907,-573.554561857983,ts_ratio_decay_stop
106,-0.625625203897638,-4.34140800228108,-15.7905269866722,-0.0612181267501039,16.2765558589907,-3.69988889101624,-1.48996614275736,0.772699614061017,1.0135180909433,-0.0840415680886088,0.011366051422442,0.999999985404103,0.999999990209108,0.999504889059326,-488.613680821305,ts_ratio_decay_stop
107,-2.47643515949792,2.74505877926572,29.4084858131181,0.088905210573292,-1.50920372831646,-3.881736819056,-1.56036032153449,1.38006400691719,1.10890878359154,-0.130789661098577,-0.598328161185797,0.999999999747258,0.999999999723084,0.965723380718649,-501.204304968406,ts_ratio_decay_stop
108,-1.99670345060041,-1.22987197596417,-0.674188450379824,0.0415383421638885,9.15609103360696,-3.52678578151884,0.791363409324235,1.34159336412029,0.480566099328119,-0.192917336110979,-0.190577310054819,0.996131122375162,0.999999948921968,0.998921962289385,-492.812281404066,ts_ratio_decay_stop
109,-4.41899884881917,0.461836119798961,-0.174924589572451,0.216067808177244,2.84283280108859,-1.90646131886802,0.302743893801455,0.440249504166598,0.292803579172205,-0.125881902498409,-0.533515090320836,0.999999969015996,0.999999516778946,0.974872280314455,-571.656243358833,ts_ratio_decay_stop
110,-6.72347276671773,2.3024135299706,-4.39959866500876,0.991026631244879,6.926415698564,-1.68955710048642,-1.65629973710718,0.0916734472167764,1.63943384328057,-0.0900562096836067,0.0443297214303799,0.999999998366238,0.999999981292013,0.901403189417563,-536.955581681465,ts_ratio_decay_stop
111,-9.5156469474253,-1.70396049871437,-11.8337436162041,2.85031805599521,14.1424550415147,-4.90182137016879,-2.77020566259322,2.70360605630722,1.5545365826835,-0.109202716507868,-0.257776352167039,0.996186283075933,0.999999997253797,0.823651172470128,-311.494487042776,ts_ratio_decay_stop
112,-1.9569098050851,1.60639457079345,4.30547468382135,0.0174789755508523,0.444342515647302,33.2874003756591,-95.1749511297656,-17.8917926512242,49.3151757550984,-0.190346455158328,0.536257287616862,0.997077836192625,0.999999968156354,0.988204069742453,-476.641570433496,ts_ratio_decay_stop
113,-2.176842015092,2.14340650010656,24.5834196445827,0.0229634250331631,-0.440797056153139,-4.7655304046505,-0.421697385641703,0.310914228602186,1.34678616308613,-0.0876190260942627,0.35626270694424,0.999999999430562,0.999999995660912,0.982993286518867,-472.104174887709,ts_ratio_decay_stop
114,-4.45299688481718,-0.245388347771167,-1.5941016654213,0.262176503318465,6.87853270686074,-2.7135091143113,1.45024736978718,1.19311829363115,-0.222572818592059,-0.259631843432971,-0.0854839632904241,0.954288358734018,0.999999986321076,0.959635967117796,-561.572134268655,ts_ratio_decay_stop
